Time(s),altitude(m),velocity(m/s)
43.989,165.0,0.0
44.984,165.0,0.9990009990010014
45.985,166.0,0.0
46.981,166.0,0.0
47.9825,166.0,0.0
51.978,166.0,0.0
52.9745,166.0,0.0
53.9765,166.0,0.0
54.973,166.0,0.9960159362549823
55.977,167.0,0.0
56.9715,167.0,0.0
57.9735,167.0,0.0
58.969,167.0,0.0
59.971,167.0,0.5013787916771115
61.9655,168.0,0.0
62.9645,168.0,0.0
63.9625,168.0,0.0
64.963,168.0,0.0
67.9585,168.0,0.0
69.9565,168.0,0.0
70.955,168.0,0.0
71.954,168.0,0.99950024987506
72.9545,169.0,0.0
73.954,169.0,0.0
74.951,169.0,1.0010010010009915
75.95,170.0,0.0
77.948,170.0,0.0
78.947,170.0,0.0
79.946,170.0,0.0
80.945,170.0,1.001502253380063
81.9435,171.0,0.0
82.9425,171.0,0.0
85.939,171.0,0.0
86.938,171.0,0.0
87.9365,171.0,0.0
88.936,171.0,0.0
90.9335,171.0,0.0
91.9325,171.0,0.0
92.9315,171.0,-1.0005002501250648
93.931,170.0,0.0
94.9295,170.0,0.0
95.929,170.0,0.0
96.927,170.0,0.0
97.926,170.0,0.05889628364450206
131.884,172.0,0.9990009990009943
132.885,173.0,0.0
134.8815,173.0,0.0
135.8805,173.0,0.0
136.8795,173.0,0.0
137.8775,173.0,0.0
138.877,173.0,0.0
139.877,173.0,0.0
140.875,173.0,0.0
141.8735,173.0,0.0
142.8725,173.0,0.0
143.871,173.0,0.0
144.8695,173.0,0.0
145.87,173.0,0.0
146.868,173.0,0.0
147.866,173.0,0.0
149.864,173.0,0.0
150.8625,173.0,0.0
151.8625,173.0,0.0
152.861,173.0,0.0
153.86,173.0,0.0
155.857,173.0,0.0
156.855,173.0,0.0
157.8545,173.0,0.0
158.854,173.0,0.0
159.852,173.0,0.0
160.851,173.0,0.0
164.8455,173.0,0.0
169.84,173.0,-1.001502253380063
170.8385,172.0,0.0
171.837,172.0,0.0
172.835,172.0,0.0
173.8345,172.0,0.0
174.8335,172.0,0.0
175.832,172.0,0.0
177.83,172.0,0.0
179.8275,172.0,0.0
180.8265,172.0,0.0
181.825,172.0,-1.0010010010009773
182.824,171.0,0.0
183.8225,171.0,0.0
184.821,171.0,1.980198019801998
185.831,173.0,-1.0126582278480896
186.8185,172.0,0.0
187.823,172.0,-1.0070493454179306
188.816,171.0,0.0
189.82,171.0,-1.0065425264217296
190.8135,170.0,0.0
191.8175,170.0,0.0
192.8105,170.0,-0.9965122072745366
193.814,169.0,-0.5007511266900315
195.811,168.0,0.0
196.805,168.0,0.0
199.805,168.0,-1.0055304172951354
200.7995,167.0,0.0
201.8035,167.0,0.0
202.796,167.0,0.0
203.7995,167.0,0.0
204.793,167.0,0.0
205.792,167.0,-1.001502253380063
206.7905,166.0,0.0
207.7895,166.0,0.0
208.788,166.0,0.0
209.787,166.0,0.0
210.7855,166.0,0.0
211.7845,166.0,0.0
212.783,166.0,0.0
213.7815,166.0,0.0
214.7805,166.0,0.0
215.779,166.0,0.0
216.7775,166.0,0.0
217.7765,166.0,0.0
218.7745,166.0,0.0
219.7735,166.0,0.0
220.773,166.0,0.0
221.771,166.0,0.0
223.7685,166.0,0.0
224.7675,166.0,-1.0015022533800915
225.766,165.0,0.0
226.7665,165.0,1.0030090270812582
227.7635,166.0,2.003004506760126
228.762,168.0,0.0
230.761,168.0,1.001502253380063
231.7595,169.0,-0.5005005005005029
233.7575,168.0,-1.0005002501250506
234.757,167.0,0.0
236.7535,167.0,0.0
237.7505,167.0,0.0
238.754,167.0,0.0
240.7515,167.0,0.0
241.751,167.0,1.0020040080160417
242.749,168.0,0.0
243.7475,168.0,-2.0110608345902707
244.742,166.0,0.0
245.7395,166.0,0.0
246.738,166.0,0.0
247.738,166.0,1.0025062656641581
248.7355,167.0,0.0
249.735,167.0,-1.9980019980020451
250.736,165.0,0.0
251.732,165.0,0.0
252.733,165.0,0.0
253.7315,165.0,0.0
254.7305,165.0,0.0
255.729,165.0,1.0010010010010058
256.728,166.0,1.0015022533800915
257.7265,167.0,0.0
258.7245,167.0,0.0
259.7245,167.0,0.3337783711615445
262.7205,168.0,1.0010010010010342
263.7195,169.0,0.0
265.7165,169.0,0.0
266.7155,169.0,0.0
267.714,169.0,1.0010010010009773
268.713,170.0,0.0
269.712,170.0,0.0
270.71,170.0,-1.0
271.71,169.0,0.0
272.7085,169.0,0.0
273.708,169.0,0.0
274.708,169.0,0.0
275.7055,169.0,0.0
276.705,169.0,0.0
277.7035,169.0,-1.0005002501251077
278.703,168.0,0.0
279.701,168.0,-0.5006257822277842
281.6985,167.0,0.0
282.697,167.0,0.0
283.6965,167.0,1.0015022533800915
284.695,168.0,0.0
285.693,168.0,0.0
286.6925,168.0,0.0
287.6915,168.0,0.0
288.69,168.0,0.0
289.69,168.0,0.0
290.688,168.0,0.0
291.687,168.0,0.5007511266900315
293.684,169.0,0.0
294.6825,169.0,1.0020040080160417
295.6805,170.0,0.0
297.678,170.0,1.0005002501250506
298.6775,171.0,0.0
299.6765,171.0,0.0
300.676,171.0,0.0
302.6735,171.0,0.0
303.6725,171.0,0.0
304.6705,171.0,0.0
305.6695,171.0,0.0
306.6685,171.0,0.0
307.667,171.0,-1.0010010010009773
308.666,170.0,0.0
309.665,170.0,1.0015022533800915
310.6635,171.0,0.0
311.6625,171.0,0.0
312.661,171.0,0.0
313.659,171.0,0.0
314.6595,171.0,0.0
316.6565,171.0,0.0
317.6555,171.0,0.0
318.654,171.0,0.0
319.653,171.0,0.0
320.651,171.0,0.5005005005005029
322.649,172.0,-1.0010010010009773
323.648,171.0,1.0010010010010342
324.647,172.0,-1.0005002501250506
325.6465,171.0,0.0
326.6445,171.0,0.0
327.643,171.0,1.0010010010009773
328.642,172.0,0.0
329.6415,172.0,0.0
330.6395,172.0,0.0
331.638,172.0,0.0
332.6375,172.0,0.0
333.636,172.0,0.0
334.634,172.0,-1.0
335.634,171.0,1.0030090270812868
336.631,172.0,0.0
337.63,172.0,0.0
338.629,172.0,0.0
339.6275,172.0,0.0
340.627,172.0,0.0
341.6255,172.0,0.0
342.624,172.0,0.0
343.6215,172.0,0.0
344.6205,172.0,-1.0010010010009773
345.6195,171.0,0.0
346.619,171.0,0.0
347.618,171.0,0.0
348.616,171.0,0.0
349.617,171.0,0.0
350.6155,171.0,0.0
351.613,171.0,0.0
352.613,171.0,0.0
358.6055,171.0,-1.0015022533800915
359.604,170.0,0.0
360.603,170.0,0.0
364.5985,170.0,-1.0020040080160417
365.5965,169.0,0.0
366.5955,169.0,0.0
367.5945,169.0,0.0
368.592,169.0,0.0
370.5895,169.0,-1.0005002501250506
371.589,168.0,0.0
372.588,168.0,0.0
373.587,168.0,-1.0010010010009773
374.586,167.0,0.0
375.584,167.0,0.0
376.583,167.0,0.0
377.582,167.0,0.0
378.581,167.0,0.0
379.5795,167.0,0.0
380.577,167.0,0.0
383.574,167.0,0.0
384.572,167.0,0.0
385.571,167.0,0.0
386.57,167.0,0.0
387.569,167.0,0.0
388.5675,167.0,0.0
389.5665,167.0,0.0
390.5655,167.0,0.0
391.5635,167.0,0.0
392.5615,167.0,0.0
393.561,167.0,0.0
394.559,167.0,0.0
395.558,167.0,0.0
397.558,167.0,0.0
398.5545,167.0,0.0
399.5525,167.0,0.0
400.5515,167.0,0.0
401.5495,167.0,0.5006257822277842
403.547,168.0,0.0
404.546,168.0,0.0
405.5445,168.0,1.0020040080160417
406.5425,169.0,0.0
407.5425,169.0,0.0
408.541,169.0,0.0
409.54,169.0,0.0
410.538,169.0,0.0
411.537,169.0,0.0
412.5355,169.0,1.0015022533800915
413.534,170.0,0.0
414.5325,170.0,0.0
415.5305,170.0,0.0
416.5285,170.0,0.0
417.5275,170.0,0.0
418.5265,170.0,0.0
419.524,170.0,0.0
420.5235,170.0,0.0
421.5225,170.0,0.0
423.52,170.0,0.0
425.5165,170.0,-0.08837044892188058
459.4645,167.0,0.0
461.462,167.0,0.0
464.4585,167.0,0.0
466.455,167.0,0.0
468.4525,167.0,0.0
469.452,167.0,0.0
470.451,167.0,0.0
472.4475,167.0,0.0
473.446,167.0,0.0
474.444,167.0,0.0
476.442,167.0,0.0
477.4405,167.0,0.0
478.439,167.0,-1.0015022533800915
479.4375,166.0,0.0
480.4365,166.0,0.0
481.436,166.0,0.0
482.433,166.0,0.0
484.4305,166.0,0.0
486.4275,166.0,0.0
487.426,166.0,0.0
488.425,166.0,0.0
489.423,166.0,0.0
493.4175,166.0,0.0
494.4165,166.0,0.0
495.4145,166.0,0.11126564673157148
504.402,167.0,0.0
505.4005,167.0,1.0015022533800915
506.399,168.0,0.0
507.397,168.0,0.0
508.3955,168.0,0.0
509.394,168.0,0.0
510.392,168.0,1.0010010010009773
511.391,169.0,0.0
514.3865,169.0,0.0
515.384,169.0,0.0
516.3825,169.0,0.0
517.3815,169.0,1.0015022533800346
518.38,170.0,0.0
519.379,170.0,0.0
520.3775,170.0,-1.0015022533801485
521.376,169.0,0.0
522.374,169.0,0.0
524.3715,169.0,0.0
525.37,169.0,0.0
526.3685,169.0,0.0
527.367,169.0,0.0
528.3655,169.0,0.0
529.364,169.0,0.0
530.363,169.0,-1.0010010010010912
531.362,168.0,0.0
532.359,168.0,0.0
533.3585,168.0,0.0
534.357,168.0,0.0
535.3555,168.0,0.0
536.354,168.0,-0.5006257822277984
538.3515,167.0,0.0
539.3495,167.0,0.0
540.348,167.0,0.0
541.3465,167.0,0.0
543.3445,167.0,0.0
544.344,167.0,0.0
545.342,167.0,-1.0015022533800346
546.3405,166.0,0.0
547.3395,166.0,0.0
548.338,166.0,0.0
549.3365,166.0,1.0015022533800346
550.335,167.0,-1.0010010010010912
551.334,166.0,0.0
552.3325,166.0,0.0
553.331,166.0,0.0
554.33,166.0,0.0
556.3265,166.0,0.02861394071191486
591.2745,167.0,-0.33366700033367175
594.2715,166.0,0.0
595.27,166.0,0.0
596.2695,166.0,0.0
597.2675,166.0,0.0
599.265,166.0,0.0
600.2635,166.0,0.5007511266900457
602.2605,167.0,0.0
603.259,167.0,0.0
605.256,167.0,0.0
606.255,167.0,0.0
607.2535,167.0,0.0
608.2515,167.0,0.0
609.2505,167.0,0.0
610.2485,167.0,0.0
611.247,167.0,0.0
612.2455,167.0,0.0
613.244,167.0,0.0
614.2435,167.0,1.0020040080160988
615.2415,168.0,0.0
616.241,168.0,-1.0015022533800346
617.2395,167.0,0.0
618.2395,167.0,0.0
619.237,167.0,0.0
620.236,167.0,0.0
622.233,167.0,0.08835743527817842
656.186,170.0,0.0
657.185,170.0,0.0
658.183,170.0,0.0
659.182,170.0,0.5008765339343929
661.1785,171.0,0.0
662.1775,171.0,1.0015022533800346
663.176,172.0,0.0
665.1735,172.0,0.0
666.172,172.0,0.0
667.171,172.0,0.5007511266900457
669.168,173.0,-1.0005002501250506
670.1675,172.0,0.0
671.1655,172.0,-1.002506265664101
672.163,171.0,0.0
673.1625,171.0,0.0
674.161,171.0,-1.0015022533800346
675.1595,170.0,1.0020040080159847
676.1575,171.0,0.0
677.1575,171.0,0.0
678.1555,171.0,0.0
679.155,171.0,0.0
680.1525,171.0,0.0
682.151,171.0,0.0
683.1485,171.0,0.0
684.1465,171.0,0.0
685.146,171.0,0.0
686.1445,171.0,-1.0020040080159847
687.1425,170.0,0.0
688.14,170.0,0.0
689.139,170.0,0.0
690.1395,170.0,0.0
691.137,170.0,0.0
692.1365,170.0,0.0
693.135,170.0,0.0
694.1335,170.0,0.0
695.1325,170.0,0.0
696.1295,170.0,0.0
700.125,170.0,0.0
701.124,170.0,0.0
702.1225,170.0,0.0
704.12,170.0,0.0
705.1185,170.0,0.0
706.1175,170.0,0.0
707.1155,170.0,0.0
709.1135,170.0,0.0
710.1115,170.0,0.0
711.1095,170.0,0.0
712.1085,170.0,0.0
714.1065,170.0,0.0
715.105,170.0,0.0
716.1035,170.0,0.0
717.102,170.0,-0.5006257822277699
719.0995,169.0,0.0
720.0985,169.0,0.0
721.097,169.0,0.0
722.0955,169.0,0.0
724.0935,169.0,0.0
725.091,169.0,0.0
726.0895,169.0,0.0
727.088,169.0,0.0
728.0865,169.0,0.0
729.085,169.0,0.0
730.084,169.0,0.0
731.0825,169.0,0.0
732.082,169.0,0.0
733.08,169.0,0.0
734.0785,169.0,-1.0020040080159847
735.0765,168.0,0.0
736.0745,168.0,0.0
738.0725,168.0,0.0
739.0715,168.0,0.0
740.07,168.0,0.0
741.0695,168.0,0.0
742.0675,168.0,1.0005002501250506
743.067,169.0,0.0
744.065,169.0,0.0
746.063,169.0,-1.0020040080159847
747.061,168.0,0.0
748.0605,168.0,0.0
750.0575,168.0,0.0
751.057,168.0,0.0
752.0555,168.0,0.0
753.0535,168.0,0.0
755.051,168.0,0.0
756.051,168.0,0.0
758.047,168.0,0.0
759.045,168.0,0.0
760.0435,168.0,0.0
761.042,168.0,1.0015022533801485
762.0405,169.0,0.0
763.04,169.0,0.0
764.0375,169.0,0.0
765.0365,169.0,0.0
766.0355,169.0,0.0
767.0335,169.0,0.0
768.033,169.0,0.0
769.0315,169.0,0.0
770.0295,169.0,0.0
771.028,169.0,1.0010010010009773
772.027,170.0,0.0
773.0255,170.0,0.0
774.025,170.0,0.0
775.0245,170.0,0.0
777.02,170.0,0.0
778.019,170.0,0.0
779.017,170.0,0.0
780.0155,170.0,0.0
781.015,170.0,0.0
782.013,170.0,0.0
783.012,170.0,0.0
784.0105,170.0,0.0
785.0085,170.0,0.0
786.007,170.0,0.0
787.0065,170.0,1.0010010010009773
788.0055,171.0,0.0
789.004,171.0,0.0
790.0025,171.0,0.0
791.002,171.0,0.0
791.9995,171.0,0.0
792.998,171.0,0.0
793.9965,171.0,0.0
795.9935,171.0,0.0
796.992,171.0,0.0
797.9905,171.0,0.0
799.989,171.0,0.0
800.9865,171.0,0.0
801.9865,171.0,0.0
802.9845,171.0,0.0
803.9815,171.0,0.0
804.9815,171.0,0.0
805.98,171.0,0.0
806.977,171.0,0.0
807.976,171.0,0.0
808.975,171.0,0.0
809.973,171.0,0.0
811.972,171.0,0.0
812.9705,171.0,0.0
814.9685,171.0,0.0
815.9665,171.0,0.0
816.9665,171.0,0.0
818.9635,171.0,0.0
819.9625,171.0,0.0
821.959,171.0,-1.0010010010009773
822.958,170.0,0.0
823.9565,170.0,0.0
824.9545,170.0,0.0
825.954,170.0,0.0
826.952,170.0,0.0
827.951,170.0,0.0
828.95,170.0,0.0
829.948,170.0,0.0
830.9465,170.0,0.0
831.945,170.0,0.0
833.9415,170.0,0.0
834.94,170.0,0.0
835.9395,170.0,0.0
836.9375,170.0,0.0
837.9365,170.0,0.0
838.9345,170.0,0.0
839.933,170.0,0.0
840.9315,170.0,0.0
841.9305,170.0,0.0
842.929,170.0,0.0
843.9285,170.0,0.0
844.926,170.0,0.0
845.9245,170.0,0.0
846.9235,170.0,0.0
847.922,170.0,-0.5007511266900457
849.919,169.0,0.0
850.9175,169.0,0.05891276492333982
884.866,171.0,0.0
885.8655,171.0,0.0
886.8645,171.0,0.0
887.8625,171.0,0.0
888.8615,171.0,0.0
889.8595,171.0,0.0
891.857,171.0,0.0
893.854,171.0,0.0
894.8525,171.0,0.0
895.851,171.0,0.0
896.85,171.0,0.0
897.848,171.0,0.0
898.847,171.0,0.0
899.845,171.0,-1.0005002501250506
900.8445,170.0,0.0
901.8425,170.0,0.0
902.841,170.0,0.0
903.84,170.0,0.0
904.838,170.0,0.0
905.836,170.0,0.0
908.832,170.0,0.0
909.831,170.0,0.0
910.8295,170.0,0.0
911.828,170.0,0.0
912.827,170.0,0.0
913.825,170.0,0.0
914.824,170.0,0.0
954.761,170.0,0.0
955.7595,170.0,0.0
956.758,170.0,0.0
957.7575,170.0,0.0
958.7555,170.0,1.0015022533800346
959.754,171.0,0.0
960.7525,171.0,0.0
961.75,171.0,0.0
965.744,171.0,0.0
966.7445,171.0,0.0
968.7395,171.0,0.0
969.7385,171.0,0.0
970.7365,171.0,0.0
971.735,171.0,0.0
972.7335,171.0,0.0
973.732,171.0,0.0
974.73,171.0,0.0
975.729,171.0,0.0
976.727,171.0,-1.0015022533800346
977.7255,170.0,0.0
978.724,170.0,0.0
979.722,170.0,0.0
980.72,170.0,0.0
982.7175,170.0,0.0
983.716,170.0,0.0
985.713,170.0,0.0
987.71,170.0,0.0
988.7085,170.0,-1.0015022533800346
989.707,169.0,1.0015022533800346
990.7055,170.0,-1.0025062656642152
991.703,169.0,0.0
992.7015,169.0,0.0
993.7,169.0,0.0
994.698,169.0,0.0
995.697,169.0,0.0
996.696,169.0,0.0
998.6925,169.0,0.0
999.6915,169.0,0.0
1000.689,169.0,0.0
1001.6875,169.0,0.0
1002.686,169.0,0.0
1003.684,169.0,0.0
1005.6805,169.0,0.0
1006.679,169.0,0.0
1008.676,169.0,1.0020040080160988
1009.674,170.0,0.0
1010.672,170.0,0.0
1011.6705,170.0,0.0
1012.669,170.0,0.0
1013.6675,170.0,0.0
1014.666,170.0,0.0
1015.6645,170.0,0.0
1016.6635,170.0,0.0
1017.662,170.0,0.0
1018.661,170.0,0.0
1019.659,170.0,0.0
1020.658,170.0,0.0
1021.6565,170.0,1.0025062656642152
1022.654,171.0,0.0
1023.654,171.0,0.0
1024.6515,171.0,0.0
1025.6495,171.0,0.0
1026.649,171.0,0.0
1027.6465,171.0,0.0
1028.6445,171.0,0.0
1029.643,171.0,0.0
1030.6415,171.0,1.0020040080159847
1031.6395,172.0,0.0
1032.639,172.0,0.0
1033.6375,172.0,0.0
1034.6355,172.0,0.0
1035.634,172.0,0.0
1036.6325,172.0,0.5007511266900173
1038.6295,173.0,0.0
1039.628,173.0,0.0
1040.6265,173.0,0.0
1042.6235,173.0,0.0
1043.622,173.0,0.0
1045.619,173.0,0.0
1046.6175,173.0,-1.0015022533801485
1047.616,172.0,0.0
1048.6145,172.0,0.0
1050.6115,172.0,0.0
1051.61,172.0,0.0
1052.6075,172.0,0.0
1053.606,172.0,-0.3337783711615382
1056.602,171.0,0.0
1057.601,171.0,0.0
1058.599,171.0,0.5005005005004887
1060.597,172.0,0.0
1061.595,172.0,0.0
1062.5935,172.0,0.0
1063.592,172.0,0.0
1064.5895,172.0,0.0
1065.589,172.0,0.0
1066.587,172.0,0.0
1067.5855,172.0,0.0
1068.584,172.0,0.0
1070.58,172.0,0.0
1071.579,172.0,0.0
1072.5775,172.0,0.0
1074.5745,172.0,0.0
1075.5725,172.0,-1.0025062656642152
1076.57,171.0,0.0
1078.5665,171.0,0.0
1080.564,171.0,0.0
1081.5625,171.0,0.0
1082.561,171.0,0.0
1084.5575,171.0,0.0
1085.5565,171.0,0.0
1086.5545,171.0,0.0
1087.553,171.0,0.0
1088.551,171.0,0.0
1090.548,171.0,0.0
1091.546,171.0,0.0
1092.545,171.0,0.0
1093.5435,171.0,0.0
1094.5415,171.0,0.0
1095.54,171.0,0.0
1096.538,171.0,0.0
1097.5365,171.0,0.0
1098.536,171.0,0.0
1100.5315,171.0,0.0
1101.529,171.0,0.0
1102.527,171.0,0.0
1103.5255,171.0,0.0
1104.5235,171.0,0.5007511266900173
1106.5205,172.0,0.0
1107.519,172.0,0.0
1108.517,172.0,0.0
1109.5155,172.0,0.0
1110.514,172.0,0.0
1111.512,172.0,0.0
1112.51,172.0,0.0
1115.5055,172.0,0.0
1116.504,172.0,0.0
1118.501,172.0,0.0
1119.4995,172.0,0.0
1120.498,172.0,0.0
1121.497,172.0,0.0
1122.4945,172.0,0.0
1123.4935,172.0,0.0
1125.4905,172.0,0.0
1126.4885,172.0,0.0
1128.4855,172.0,0.0
1129.4835,172.0,0.0
1130.482,172.0,0.0
1131.4805,172.0,0.0
1132.479,172.0,0.0
1133.4775,172.0,0.0
1134.476,172.0,-1.0015022533801485
1135.4745,171.0,0.0
1136.4725,171.0,0.0
1138.4695,171.0,0.0
1139.468,171.0,0.0
1140.467,171.0,0.0
1141.465,171.0,0.0
1142.463,171.0,0.0
1143.4625,171.0,0.0
1144.4605,171.0,0.0
1145.4585,171.0,0.0
1147.4555,171.0,0.0
1148.454,171.0,0.0
1149.452,171.0,0.0
1150.4505,171.0,0.0
1151.449,171.0,0.0
1152.448,171.0,0.0
1153.446,171.0,0.0
1154.4445,171.0,0.0
1155.4435,171.0,0.0
1156.442,171.0,0.0
1157.4405,171.0,0.0
1158.4385,171.0,0.0
1160.435,171.0,0.0
1161.4335,171.0,0.0
1162.432,171.0,0.0
1165.4275,171.0,0.0
1166.426,171.0,0.0
1167.4235,171.0,0.0
1168.4225,171.0,0.0
1169.4205,171.0,0.0
1170.4195,171.0,0.0
1171.417,171.0,0.0
1172.4155,171.0,0.0
1173.4145,171.0,0.0
1174.4125,171.0,0.0
1175.4105,171.0,0.0
1176.409,171.0,0.0
1177.4075,171.0,0.0
1178.406,171.0,0.5007511266900173
1180.403,172.0,0.0
1184.396,172.0,0.0
1185.3945,172.0,0.0
1186.393,172.0,0.0
1187.3915,172.0,0.0
1188.3895,172.0,0.0
1189.388,172.0,0.0
1190.3865,172.0,0.0
1192.382,172.0,0.0
1193.3805,172.0,0.0
1194.3785,172.0,0.0
1195.3775,172.0,0.0
1196.3755,172.0,0.0
1197.3735,172.0,0.0
1198.3725,172.0,0.0
1199.3705,172.0,0.5008765339343929
1201.367,173.0,0.0
1202.365,173.0,0.0
1203.37,173.0,0.0
1204.362,173.0,0.0
1205.3605,173.0,0.0
1206.36,173.0,0.0
1207.358,173.0,0.0
1208.356,173.0,0.0
1209.355,173.0,0.0
1210.353,173.0,0.0
1211.351,173.0,0.0
1212.349,173.0,-1.0010010010009773
1213.348,172.0,0.0
1214.3465,172.0,0.0
1215.3445,172.0,0.0
1216.3425,172.0,0.0
1217.341,172.0,0.0
1220.3365,172.0,0.0
1221.335,172.0,0.0
1223.331,172.0,0.0
1224.329,172.0,0.0
1225.3275,172.0,-1.0015022533801485
1226.326,171.0,0.0
1227.324,171.0,0.0
1228.3235,171.0,0.0
1229.322,171.0,0.0
1230.32,171.0,0.0
1231.3185,171.0,0.0
1232.3165,171.0,0.0
1233.315,171.0,0.0
1234.315,171.0,0.0
1235.312,171.0,0.0
1236.3105,171.0,0.0
1237.308,171.0,0.0
1238.3065,171.0,0.0
1239.305,171.0,0.0
1240.303,171.0,-0.5007511266900743
1242.3,170.0,0.0
1243.2985,170.0,0.5008765339343929
1245.295,171.0,0.0
1246.293,171.0,0.0
1247.292,171.0,0.0
1248.29,171.0,0.0
1249.288,171.0,-0.5007511266900173
1251.285,170.0,0.0
1252.284,170.0,0.0
1253.282,170.0,0.0
1255.279,170.0,0.0
1256.277,170.0,0.0
1257.2755,170.0,-0.5008765339343929
1259.272,169.0,0.0
1260.271,169.0,0.0
1261.269,169.0,0.0
1262.2675,169.0,0.0
1263.2655,169.0,0.0
1264.2635,169.0,0.0
1265.262,169.0,0.0
1266.26,169.0,0.0
1267.2585,169.0,0.0
1268.257,169.0,0.0
1269.255,169.0,0.0
1270.2535,169.0,0.0
1271.252,169.0,0.0
1273.2475,169.0,0.0
1274.246,169.0,0.0
1275.2445,169.0,0.0
1276.243,169.0,0.0
1277.2415,169.0,0.0
1278.2405,169.0,0.0
1279.239,169.0,0.0
1281.236,169.0,0.0
1282.2345,169.0,0.0
1283.233,169.0,0.0
1284.231,169.0,0.0
1285.2295,169.0,0.0
1286.228,169.0,0.0
1287.226,169.0,0.0
1288.225,169.0,0.0
1289.223,169.0,0.0
1291.22,169.0,0.0
1292.2185,169.0,0.0
1293.2165,169.0,0.0
1295.2135,169.0,0.0
1296.2115,169.0,0.0
1297.2095,169.0,0.0
1298.208,169.0,0.0
1300.205,169.0,0.0
1301.203,169.0,0.0
1302.202,169.0,0.0
1303.2005,169.0,0.0
1304.199,169.0,0.0
1306.1955,169.0,0.0
1307.194,169.0,0.0
1308.1925,169.0,0.0
1312.185,169.0,0.0
1314.182,169.0,0.0
1315.18,169.0,0.0
1316.1785,169.0,0.0
1317.177,169.0,0.0
1318.175,169.0,0.0
1319.1735,169.0,0.0
1320.1715,169.0,0.0
1321.1705,169.0,0.0
1322.168,169.0,0.0
1323.167,169.0,0.0
1324.1645,169.0,0.0
1325.1635,169.0,0.0
1328.1585,169.0,0.0
1329.157,169.0,0.0
1330.156,169.0,0.0
1331.154,169.0,0.0
1332.152,169.0,0.0
1333.151,169.0,0.0
1334.149,169.0,0.0
1335.1475,169.0,0.0
1336.146,169.0,0.0
1338.1425,169.0,0.0
1339.1405,169.0,0.0
1340.139,169.0,0.0
1341.138,169.0,0.0
1342.136,169.0,0.0
1343.1345,169.0,0.0
1344.133,169.0,0.0
1346.1285,169.0,0.0
1348.125,169.0,0.0
1349.1235,169.0,0.0
1350.1225,169.0,0.0
1351.121,169.0,0.0
1352.119,169.0,0.0
1354.116,169.0,0.0
1355.1145,169.0,0.0
1356.1125,169.0,0.0
1357.111,169.0,0.0
1358.1095,169.0,0.0
1359.1075,169.0,-1.0015022533801485
1360.106,168.0,0.0
1361.104,168.0,0.0
1362.1025,168.0,0.0
1363.1005,168.0,0.0
1364.099,168.0,0.0
1365.0975,168.0,0.0
1366.0955,168.0,0.0
1367.094,168.0,1.0005002501251645
1368.0935,169.0,0.0
1369.0905,169.0,0.0
1370.0895,169.0,0.0
1371.087,169.0,0.0
1372.0855,169.0,0.0
1373.0835,169.0,0.0
1374.082,169.0,1.0010010010012051
1375.081,170.0,0.0
1376.0795,170.0,-0.5007511266900743
1378.0765,169.0,0.0
1379.0745,169.0,0.0
1380.073,169.0,0.0
1381.0715,169.0,-0.5007511266900173
1383.0685,168.0,0.0
1384.0665,168.0,0.0
1385.065,168.0,0.0
1386.0635,168.0,1.0020040080159847
1387.0615,169.0,-1.0015022533801485
1388.06,168.0,0.0
1389.0585,168.0,0.0
1390.0565,168.0,0.0
1391.055,168.0,1.0025062656642152
1392.0525,169.0,0.0
1393.0515,169.0,0.0
1394.049,169.0,0.0
1395.0475,169.0,0.0
1396.0455,169.0,0.0
1397.044,169.0,0.0
1398.0425,169.0,0.0
1399.041,169.0,0.0
1401.0385,169.0,0.0
1403.035,169.0,0.0
1405.032,169.0,0.0
1406.03,169.0,0.0
1407.029,169.0,1.0020040080159847
1408.027,170.0,0.0
1409.025,170.0,0.0
1410.024,170.0,0.0
1412.02,170.0,0.0
1413.019,170.0,1.0020040080159847
1414.017,171.0,0.0
1415.0155,171.0,0.0
1416.014,171.0,1.0015022533799205
1417.0125,172.0,0.0
1418.0115,172.0,0.0
1420.007,172.0,1.0015022533801485
1421.0055,173.0,0.0
1422.0045,173.0,0.0
1423.0025,173.0,0.0
1424.0005,173.0,-1.0010010010012051
1424.9995,172.0,0.0
1425.998,172.0,0.0
1426.996,172.0,0.0
1427.994,172.0,0.0
1428.9925,172.0,-1.0020040080159847
1429.9905,171.0,0.0
1430.989,171.0,0.0
1431.987,171.0,0.0
1432.985,171.0,-1.0015022533799205
1433.9835,170.0,0.0
1434.9825,170.0,0.0
1435.9805,170.0,0.5008765339343358
1437.977,171.0,0.0
1438.9755,171.0,0.0
1439.974,171.0,0.0
1441.9705,171.0,0.0
1442.9695,171.0,1.0030090270811725
1443.9665,172.0,0.0
1444.965,172.0,0.0
1445.9635,172.0,0.0
1446.9615,172.0,-1.0015022533799205
1447.96,171.0,0.0
1448.9585,171.0,0.0
1449.957,171.0,0.0
1450.9555,171.0,0.0
1451.954,171.0,0.0
1452.952,171.0,-1.0025062656642152
1453.9495,170.0,0.0
1454.9485,170.0,0.0
1455.947,170.0,0.0
1457.9435,170.0,0.0
1458.942,170.0,0.0
1459.94,170.0,0.0
1460.9385,170.0,0.0
1461.937,170.0,0.0
1462.935,170.0,0.5007511266900173
1464.932,171.0,0.0
1465.9295,171.0,0.0
1466.9285,171.0,0.0
1467.9265,171.0,0.0
1468.9235,171.0,-1.002004008016213
1469.9215,170.0,0.0
1470.92,170.0,0.0
1471.918,170.0,0.0
1472.917,170.0,0.0
1473.915,170.0,-1.0015022533799205
1474.9135,169.0,0.0
1475.912,169.0,0.0
1476.91,169.0,0.0
1478.9065,169.0,0.0
1479.9045,169.0,0.0
1480.9025,169.0,0.0
1481.901,169.0,0.0
1482.8995,169.0,-0.5008765339343929
1484.896,168.0,0.0
1485.894,168.0,0.0
1486.893,168.0,0.0
1487.891,168.0,0.0
1488.889,168.0,0.0
1489.8875,168.0,0.0
1490.8855,168.0,0.0
1492.8815,168.0,0.0
1493.879,168.0,0.0
1494.8775,168.0,0.0
1496.874,168.0,0.0
1497.873,168.0,1.0025062656642152
1498.8705,169.0,0.0
1499.869,169.0,0.0
1500.868,169.0,0.0
1501.8655,169.0,0.0
1502.865,169.0,0.0
1503.8625,169.0,-1.0025062656642152
1504.86,168.0,1.000500250124937
1505.8595,169.0,0.0
1506.8575,169.0,0.0
1507.856,169.0,0.0
1508.8545,169.0,0.0
1510.851,169.0,0.0
1511.8495,169.0,0.0
1512.848,169.0,0.0
1513.846,169.0,0.0
1514.844,169.0,-0.5008765339343929
1516.8405,168.0,0.0
1517.8385,168.0,0.0
1518.837,168.0,1.0020040080159847
1519.835,169.0,0.0
1520.8335,169.0,0.0
1521.8325,169.0,0.0
1522.831,169.0,0.0
1523.829,169.0,0.0
1524.8275,169.0,0.0
1525.825,169.0,1.0015022533801485
1526.8235,170.0,0.0
1528.82,170.0,0.0
1529.819,170.0,0.0
1530.817,170.0,-1.0020040080159847
1531.815,169.0,0.0
1533.812,169.0,0.0
1534.81,169.0,0.0
1535.8085,169.0,-1.002004008016213
1536.8065,168.0,0.0
1538.803,168.0,0.0
1539.802,168.0,0.0
1540.8,168.0,0.0
1542.7965,168.0,0.0
1544.793,168.0,-0.5005005005004887
1546.791,167.0,0.0
1547.7885,167.0,0.0
1548.787,167.0,0.0
1549.785,167.0,0.0
1550.7835,167.0,0.0
1551.782,167.0,0.0
1552.7795,167.0,0.0
1553.7785,167.0,0.0
1554.7765,167.0,0.0
1555.7755,167.0,0.0
1556.774,167.0,0.0
1558.7695,167.0,0.0
1559.768,167.0,0.0
1560.7665,167.0,0.0
1561.765,167.0,0.0
1564.76,167.0,0.0
1565.758,167.0,0.0
1566.7555,167.0,0.0
1567.754,167.0,0.0
1568.7525,167.0,0.0
1571.748,167.0,0.0
1572.746,167.0,1.0015022533801485
1573.7445,168.0,0.0
1574.743,168.0,0.0
1575.741,168.0,0.0
1576.74,168.0,0.0
1578.736,168.0,0.0
1579.7345,168.0,1.0015022533801485
1580.733,169.0,0.0
1583.728,169.0,0.0
1584.7255,169.0,0.0
1585.725,169.0,0.0
1586.7225,169.0,0.0
1589.7175,169.0,0.0
1590.7155,169.0,0.0
1591.7135,169.0,0.0
1593.7105,169.0,0.0
1594.709,169.0,0.0
1595.7075,169.0,0.0
1596.7055,169.0,-0.5008765339343929
1598.702,168.0,0.0
1600.6985,168.0,0.0
1601.697,168.0,0.0
1602.6955,168.0,0.0
1603.694,168.0,0.0
1604.6925,168.0,0.0
1606.6895,168.0,0.0
1608.687,168.0,-1.0025062656639867
1609.6845,167.0,0.0
1610.683,167.0,0.0
1611.681,167.0,0.0
1612.68,167.0,0.0
1613.678,167.0,0.0
1614.676,167.0,0.0
1615.674,167.0,-1.0020040080159847
1616.672,166.0,0.0
1618.669,166.0,0.0
1619.668,166.0,0.0
1620.666,166.0,-0.3337783711615382
1623.662,165.0,0.0
1624.66,165.0,0.0
1625.659,165.0,0.0
1626.657,165.0,0.0
1627.656,165.0,0.0
1628.654,165.0,0.0
1629.653,165.0,0.0
1630.651,165.0,0.0
1631.649,165.0,0.0
1632.6475,165.0,0.0
1633.646,165.0,0.0
1634.6445,165.0,0.5006257822277984
1636.642,166.0,0.0
1637.64,166.0,0.0
1638.638,166.0,0.0
1639.635,166.0,0.0
1641.6315,166.0,0.0
1642.63,166.0,0.0
1643.6285,166.0,1.0015022533801485
1644.627,167.0,0.0
1645.6255,167.0,0.0
1646.6235,167.0,0.0
1647.622,167.0,0.0
1648.62,167.0,1.0015022533799205
1649.6185,168.0,0.0
1650.617,168.0,0.0
1651.6145,168.0,0.0
1652.6135,168.0,0.0
1654.61,168.0,1.0015022533799205
1655.6085,169.0,0.0
1656.6065,169.0,0.0
1657.605,169.0,0.0
1658.6035,169.0,0.0
1659.602,169.0,0.0
1660.6,169.0,0.0
1661.5985,169.0,0.0
1662.597,169.0,0.0
1663.5945,169.0,0.0
1664.593,169.0,0.0
1665.591,169.0,0.0
1666.59,169.0,0.0
1667.5885,169.0,0.0
1668.5855,169.0,0.0
1669.5845,169.0,0.0
1670.5825,169.0,0.0
1672.579,169.0,0.0
1673.5775,169.0,0.0
1675.5735,169.0,0.0
1676.572,169.0,0.0
1677.5705,169.0,0.0
1678.5685,169.0,0.0
1679.5665,169.0,0.0
1680.5645,169.0,0.0
1681.5635,169.0,-0.5010020040079923
1683.5595,168.0,0.0
1684.559,168.0,0.0
1685.557,168.0,0.0
1687.553,168.0,0.0
1689.549,168.0,1.0015022533801485
1690.5475,169.0,0.0
1691.546,169.0,0.0
1693.5425,169.0,0.0
1695.539,169.0,0.0
1696.537,169.0,0.0
1697.5355,169.0,0.0
1698.533,169.0,0.0
1699.5315,169.0,0.0
1700.529,169.0,0.0
1701.527,169.0,0.0
1702.5255,169.0,0.0
1703.524,169.0,0.0
1704.523,169.0,0.0
1705.5205,169.0,0.0
1708.515,169.0,0.0
1709.514,169.0,0.0
1710.5115,169.0,0.0
1711.5095,169.0,0.0
1712.508,169.0,-1.0020040080159847
1713.506,168.0,0.0
1714.5045,168.0,0.0
1715.5025,168.0,0.0
1716.501,168.0,0.0
1717.5,168.0,0.0
1718.4985,168.0,0.0
1719.4965,168.0,0.0
1720.4945,168.0,0.0
1721.493,168.0,0.0
1722.491,168.0,0.0
1723.49,168.0,0.0
1725.487,168.0,0.0
1726.4845,168.0,0.0
1727.484,168.0,0.0
1728.4805,168.0,0.0
1729.4795,168.0,0.0
1730.478,168.0,0.0
1731.4765,168.0,0.0
1732.4735,168.0,0.0
1733.4735,168.0,0.0
1734.47,168.0,0.0
1735.4685,168.0,0.0
1736.468,168.0,0.0
1737.466,168.0,0.0
1739.4615,168.0,0.5007511266900173
1741.4585,169.0,0.0
1743.4565,169.0,1.0020040080159847
1744.4545,170.0,0.0
1745.4535,170.0,0.0
1746.4515,170.0,0.0
1747.45,170.0,0.0
1748.448,170.0,0.0
1749.4475,170.0,0.0
1750.445,170.0,-1.0010010010009773
1751.444,169.0,0.0
1752.4425,169.0,0.0
1753.4405,169.0,0.0
1754.4395,169.0,0.0
1755.437,169.0,0.0
1756.436,169.0,0.0
1757.4335,169.0,0.0
1758.432,169.0,0.0
1759.4305,169.0,0.0
1761.4275,169.0,0.0
1762.425,169.0,0.0
1763.424,169.0,0.0
1764.422,169.0,0.0
1765.4205,169.0,0.0
1766.419,169.0,-1.0015022533801485
1767.4175,168.0,0.0
1768.416,168.0,0.0
1769.4145,168.0,0.0
1770.4115,168.0,0.0
1771.4095,168.0,-0.5006257822277984
1773.407,167.0,0.0
1774.4045,167.0,0.0
1775.4045,167.0,0.0
1776.4005,167.0,0.0
1777.4,167.0,-0.5008765339343929
1779.3965,166.0,1.0020040080159847
1780.3945,167.0,-1.002004008016213
1781.3925,166.0,0.0
1782.3915,166.0,0.0
1783.389,166.0,0.0
1784.388,166.0,0.0
1785.3865,166.0,0.0
1786.3835,166.0,0.0
1787.3825,166.0,0.0
1788.3805,166.0,0.0
1789.379,166.0,0.0
1790.378,166.0,0.0
1792.3755,166.0,0.0
1793.3725,166.0,0.0
1794.371,166.0,0.0
1796.3665,166.0,0.0
1797.3655,166.0,0.0
1798.3635,166.0,0.0
1799.362,166.0,0.0
1800.3605,166.0,0.0
1802.361,166.0,0.0
1803.3555,166.0,0.0
1804.3535,166.0,-1.0020040080159847
1805.3515,165.0,0.0
1806.3505,165.0,0.0
1807.3485,165.0,0.0
1808.347,165.0,0.0
1809.345,165.0,0.0
1810.3435,165.0,0.0
1811.3415,165.0,0.0
1812.34,165.0,0.0
1813.3385,165.0,0.0
1815.3365,165.0,0.0
1816.335,165.0,1.0020040080159847
1817.333,166.0,0.0
1818.3315,166.0,0.0
1819.33,166.0,0.0
1820.3285,166.0,1.0015022533801485
1821.327,167.0,0.0
1822.3255,167.0,0.0
1823.324,167.0,0.0
1826.32,167.0,0.0
1827.318,167.0,0.0
1828.317,167.0,0.0
1829.3155,167.0,0.0
1830.314,167.0,0.0
1831.3125,167.0,0.0
1833.3095,167.0,0.0
1834.308,167.0,0.0
1835.306,167.0,0.0
1836.304,167.0,0.0
1838.301,167.0,0.0
1839.3005,167.0,0.0
1840.299,167.0,0.0
1841.2975,167.0,0.0
1842.296,167.0,0.0
1843.2945,167.0,0.0
1844.2925,167.0,0.0
1845.291,167.0,0.0
1846.2895,167.0,0.0
1847.288,167.0,0.0
1848.286,167.0,0.0
1849.2845,167.0,0.0
1851.282,167.0,0.0
1852.2795,167.0,0.0
1853.278,167.0,0.0
1854.276,167.0,0.0
1855.274,167.0,0.0
1856.2725,167.0,0.0
1857.2715,167.0,0.0
1858.269,167.0,0.0
1859.267,167.0,0.0
1860.2655,167.0,0.0
1861.263,167.0,0.0
1862.2625,167.0,0.0
1863.26,167.0,0.0
1864.259,167.0,0.0
1865.257,167.0,0.0
1866.2555,167.0,0.0
1867.2535,167.0,0.0
1869.25,167.0,0.0
1871.2465,167.0,0.0
1872.2445,167.0,0.0
1874.241,167.0,0.0
1875.2395,167.0,-0.5007511266900173
1877.2365,166.0,1.0020040080159847
1878.2345,167.0,0.0
1879.233,167.0,0.0
1880.231,167.0,0.0
1881.2295,167.0,0.0
1882.228,167.0,0.0
1883.226,167.0,0.0
1884.2235,167.0,0.0
1885.222,167.0,0.0
1888.218,167.0,0.0
1889.2165,167.0,0.0
1890.2145,167.0,-0.5007511266900743
1892.2115,166.0,0.0
1893.21,166.0,0.0
1894.2085,166.0,0.0
1895.2065,166.0,0.0
1897.2035,166.0,0.0
1898.2015,166.0,0.0
1899.2,166.0,0.0
1900.199,166.0,0.0
1901.1965,166.0,0.0
1902.1955,166.0,0.0
1903.193,166.0,0.0
1908.185,166.0,0.0
1909.1835,166.0,0.0
1910.182,166.0,1.0020040080159847
1911.18,167.0,0.0
1912.179,167.0,0.0
1913.178,167.0,0.0
1915.1745,167.0,0.0
1916.1735,167.0,1.0010010010012051
1917.1725,168.0,0.0
1918.171,168.0,0.0
1919.1695,168.0,0.0
1920.168,168.0,0.0
1921.1665,168.0,0.5006257822277984
1923.164,169.0,0.0
1924.1625,169.0,0.0
1925.161,169.0,0.0
1926.16,169.0,0.0
1927.158,169.0,0.0
1928.1565,169.0,0.0
1929.1555,169.0,0.0
1930.154,169.0,0.0
1931.1525,169.0,0.0
1933.1485,169.0,0.0
1934.147,169.0,0.0
1935.145,169.0,0.0
1936.1435,169.0,0.0
1937.1425,169.0,0.0
1938.141,169.0,0.0
1939.1395,169.0,0.0
1941.1365,169.0,0.0
1942.135,169.0,0.0
1945.13,169.0,0.0
1946.1285,169.0,0.0
1947.1265,169.0,0.0
1948.125,169.0,0.0
1949.1235,169.0,0.0
1950.1215,169.0,0.0
1951.12,169.0,0.0
1952.118,169.0,0.0
1953.1165,169.0,1.0015022533801485
1954.115,170.0,0.0
1955.113,170.0,0.0
1956.112,170.0,0.5011275369581577
1958.1075,171.0,0.0
1961.104,171.0,0.0
1962.1015,171.0,1.0015022533801485
1963.1,172.0,0.0
1964.0985,172.0,0.0
1965.0965,172.0,0.0
1966.095,172.0,0.0
1967.0945,172.0,0.0
1968.0915,172.0,0.0
1969.0905,172.0,0.0
1970.089,172.0,0.0
1971.087,172.0,0.0
1972.086,172.0,0.0
1973.084,172.0,0.0
1974.0825,172.0,0.0
1976.079,172.0,0.0
1977.0775,172.0,0.0
1978.076,172.0,0.0
1979.074,172.0,0.0
1980.0725,172.0,-1.0020040080159847
1981.0705,171.0,0.0
1982.0685,171.0,0.0
1983.0675,171.0,0.0
1984.065,171.0,0.0
1985.0635,171.0,0.0
1986.063,171.0,0.0
1987.061,171.0,0.0
1988.0595,171.0,-1.0015022533801485
1989.058,170.0,0.0
1990.057,170.0,0.0
1991.055,170.0,0.0
1993.052,170.0,-1.0015022533799205
1994.0505,169.0,0.0
1995.049,169.0,0.0
1996.0475,169.0,0.0
1997.046,169.0,0.0
1998.0425,169.0,0.0
1999.041,169.0,0.0
2000.0395,169.0,0.0
2002.0365,169.0,0.0
2003.0345,169.0,1.0015022533801485
2004.033,170.0,0.0
2005.031,170.0,0.0
2006.0295,170.0,0.0
2007.027,170.0,0.0
2008.0255,170.0,0.0
2009.024,170.0,0.0
2010.023,170.0,0.0
2012.0195,170.0,0.0
2013.018,170.0,0.0
2014.016,170.0,0.0
2015.015,170.0,0.0
2016.0135,170.0,0.0
2017.0115,170.0,0.0
2018.011,170.0,-1.0015022533801485
2019.0095,169.0,0.0
2020.008,169.0,0.0
2022.005,169.0,0.0
2023.003,169.0,-1.0020040080159847
2024.001,168.0,0.0
2024.9995,168.0,0.0
2025.9975,168.0,0.0
2026.996,168.0,0.0
2027.9945,168.0,0.0
2029.99,168.0,0.0
2030.988,168.0,0.0
2031.986,168.0,0.0
2032.9845,168.0,0.0
2033.983,168.0,0.0
2035.98,168.0,0.0
2036.9785,168.0,0.0
2037.9765,168.0,0.0
2038.9745,168.0,0.0
2039.973,168.0,0.0
2040.9715,168.0,0.0
2041.971,168.0,0.0
2042.9685,168.0,0.0
2043.9665,168.0,0.0
2044.9655,168.0,0.0
2045.9635,168.0,0.0
2047.96,168.0,0.0
2049.957,168.0,0.0
2050.954,168.0,-1.0010010010012051
2051.953,167.0,0.0
2052.9505,167.0,0.0
2053.9495,167.0,0.0
2054.947,167.0,0.0
2055.945,167.0,0.0
2057.941,167.0,0.0
2058.9395,167.0,0.0
2059.938,167.0,0.0
2061.935,167.0,0.0
2062.933,167.0,0.0
2063.931,167.0,0.5007511266900743
2065.928,168.0,0.0
2067.9235,168.0,0.0
2068.923,168.0,0.0
2069.921,168.0,0.0
2070.919,168.0,0.0
2072.9155,168.0,0.0
2073.914,168.0,0.0
2074.9125,168.0,0.0
2076.9095,168.0,0.0
2077.907,168.0,0.0
2078.9055,168.0,0.0
2079.903,168.0,0.0
2080.901,168.0,0.0
2081.899,168.0,0.0
2082.898,168.0,0.0
2083.8965,168.0,0.0
2084.895,168.0,0.0
2085.8935,168.0,0.0
2086.892,168.0,0.0
2087.89,168.0,0.0
2088.888,168.0,0.0
2089.886,168.0,0.5006257822277984
2091.8835,169.0,0.0
2092.8815,169.0,0.0
2093.879,169.0,0.0
2094.8785,169.0,0.0
2095.8765,169.0,0.0
2096.875,169.0,0.0
2097.8735,169.0,0.0
2099.8705,169.0,0.0
2100.8685,169.0,0.0
2101.8685,169.0,0.0
2102.866,169.0,0.0
2103.8635,169.0,0.0
2104.862,169.0,0.0
2105.86,169.0,0.0
2106.8585,169.0,0.0
2107.857,169.0,0.0
2109.854,169.0,0.0
2110.8525,169.0,0.0
2111.8515,169.0,1.0020040080164412
2112.8495,170.0,0.0
2113.848,170.0,0.0
2114.846,170.0,0.0
2115.8445,170.0,0.0
2116.8435,170.0,-0.5008765339343358
2118.84,169.0,0.0
2119.838,169.0,0.0
2120.8365,169.0,1.0015022533799205
2121.835,170.0,0.0
2122.8335,170.0,0.0
2123.8315,170.0,0.0
2124.8305,170.0,0.0
2125.8285,170.0,0.0
2126.8275,170.0,0.0
2127.826,170.0,0.0
2128.8235,170.0,0.0
2129.822,170.0,0.0
2130.8195,170.0,0.0
2131.8185,170.0,0.0
2132.8175,170.0,0.0
2134.8135,170.0,0.5007511266900743
2136.8105,171.0,0.0
2137.809,171.0,0.0
2138.807,171.0,0.0
2139.8055,171.0,0.0
2140.804,171.0,0.0
2141.802,171.0,0.0
2142.8,171.0,0.0
2143.798,171.0,0.0
2144.797,171.0,0.0
2145.7955,171.0,0.0
2146.794,171.0,0.0
2147.792,171.0,0.0
2148.79,171.0,0.0
2149.7895,171.0,0.0
2150.7865,171.0,0.0
2152.7835,171.0,0.0
2154.7795,171.0,-0.5007511266900743
2156.7765,170.0,0.0
2157.7755,170.0,0.0
2158.774,170.0,0.0
2159.7725,170.0,0.0
2160.7705,170.0,0.0
2161.77,170.0,0.0
2162.767,170.0,0.0
2163.7655,170.0,0.0
2164.7635,170.0,0.0
2165.762,170.0,0.0
2166.7605,170.0,0.0
2167.759,170.0,0.0
2168.757,170.0,1.0015022533799205
2169.7555,171.0,0.0
2170.754,171.0,0.0
2171.752,171.0,1.0015022533799205
2172.7505,172.0,0.0
2173.749,172.0,1.0020040080159847
2174.747,173.0,0.0
2176.7435,173.0,0.0
2177.7415,173.0,0.0
2178.739,173.0,0.0
2179.7375,173.0,1.0020040080164412
2180.7355,174.0,0.0
2181.7345,174.0,0.0
2182.7335,174.0,0.0
2183.7315,174.0,0.0
2184.73,174.0,0.0
2185.728,174.0,0.0
2186.727,174.0,0.0
2187.7255,174.0,0.0
2189.722,174.0,0.0
2190.7205,174.0,0.0
2191.7185,174.0,0.0
2192.716,174.0,0.0
2193.715,174.0,0.0
2194.7135,174.0,0.0
2195.7115,174.0,0.0
2196.71,174.0,0.0
2198.707,174.0,0.0
2199.7045,174.0,0.0
2200.703,174.0,0.0
2201.701,174.0,-0.5010020040079923
2203.697,173.0,0.0
2204.6955,173.0,0.0
2206.6935,173.0,0.0
2207.6915,173.0,0.0
2208.6895,173.0,0.0
2209.688,173.0,-1.0020040080159847
2210.686,172.0,0.0
2211.684,172.0,0.0
2212.682,172.0,0.0
2213.6805,172.0,0.0
2214.679,172.0,0.0
2215.677,172.0,0.0
2216.6755,172.0,0.0
2217.6735,172.0,0.0
2218.672,172.0,0.0
2219.67,172.0,0.0
2220.6685,172.0,0.0
2221.668,172.0,0.0
2222.665,172.0,0.0
2224.6615,172.0,0.0
2225.66,172.0,0.0
2226.657,172.0,0.0
2227.6555,172.0,0.0
2229.652,172.0,0.0
2230.6515,172.0,0.0
2232.648,172.0,0.0
2233.646,172.0,0.0
2234.6445,172.0,0.0
2236.6415,172.0,0.0
2237.6395,172.0,1.0010010010012051
2238.6385,173.0,-1.0020040080159847
2239.6365,172.0,0.0
2241.6335,172.0,1.0015022533799205
2242.632,173.0,0.0
2243.6305,173.0,0.0
2244.6285,173.0,0.0
2245.627,173.0,0.0
2246.6255,173.0,0.0
2247.6235,173.0,0.0
2248.622,173.0,0.0
2249.62,173.0,0.0
2250.618,173.0,0.0
2251.616,173.0,0.0
2252.614,173.0,0.0
2253.6125,173.0,0.0
2254.611,173.0,0.0
2255.6105,173.0,0.0
2256.609,173.0,0.0
2257.6075,173.0,0.0
2258.606,173.0,0.0
2259.605,173.0,0.0
2260.6035,173.0,0.0
2263.599,173.0,0.0
2265.596,173.0,0.0
2266.594,173.0,0.0
2267.5925,173.0,0.0
2268.591,173.0,0.0
2269.5895,173.0,0.0
2270.5875,173.0,0.0
2271.586,173.0,0.0
2272.584,173.0,-1.0020040080159847
2273.582,172.0,0.0
2274.581,172.0,0.0
2275.5795,172.0,0.0
2276.577,172.0,0.0
2277.5755,172.0,0.0
2278.574,172.0,0.0
2279.5735,172.0,0.0
2280.5715,172.0,0.0
2281.571,172.0,0.0
2282.5685,172.0,0.0
2283.567,172.0,0.0
2284.566,172.0,0.0
2285.5635,172.0,0.0
2286.562,172.0,0.0
2287.5605,172.0,0.0
2288.559,172.0,0.0
2289.5575,172.0,0.0
2290.5555,172.0,0.0
2291.554,172.0,0.0
2292.552,172.0,0.0
2293.5505,172.0,0.0
2294.549,172.0,0.0
2296.546,172.0,1.0015022533799205
2297.5445,173.0,0.0
2298.5425,173.0,0.0
2299.5405,173.0,0.0
2300.538,173.0,0.0
2301.536,173.0,0.0
2302.5345,173.0,1.0015022533803766
2303.533,174.0,0.0
2304.532,174.0,0.0
2305.5305,174.0,-1.0015022533799205
2306.529,173.0,1.0015022533799205
2307.5275,174.0,0.0
2308.526,174.0,0.0
2309.5245,174.0,0.0
2310.523,174.0,0.0
2311.521,174.0,0.0
2312.52,174.0,0.0
2313.518,174.0,-1.0005002501251645
2314.5175,173.0,0.0
2315.5145,173.0,0.0
2316.513,173.0,0.0
2317.5115,173.0,0.0
2318.51,173.0,0.0
2319.5085,173.0,0.0
2320.507,173.0,0.0
2321.5055,173.0,0.0
2322.504,173.0,-1.0015022533799205
2323.5025,172.0,0.0
2324.5,172.0,0.0
2325.498,172.0,0.0
2326.4965,172.0,-1.0020040080164412
2327.4945,171.0,0.0
2328.4935,171.0,0.0
2329.492,171.0,0.0
2330.4905,171.0,0.0
2331.4885,171.0,-0.9995002498749607
2332.489,170.0,0.0
2333.486,170.0,0.0
2334.484,170.0,0.0
2335.482,170.0,0.0
2336.4815,170.0,0.0
2337.4795,170.0,0.0
2338.478,170.0,-1.0015022533799205
2339.4765,169.0,0.0
2340.4745,169.0,0.0
2341.4735,169.0,0.0
2342.4715,169.0,0.0
2344.4685,169.0,0.0
2345.4675,169.0,1.0020040080164412
2346.4655,170.0,0.0
2347.4645,170.0,0.0
2348.462,170.0,0.0
2349.46,170.0,0.0
2350.459,170.0,0.0
2351.4575,170.0,0.0
2352.4555,170.0,0.0
2353.455,170.0,0.0
2354.4525,170.0,0.0
2355.452,170.0,0.0
2356.4495,170.0,0.0
2357.448,170.0,0.0
2358.447,170.0,0.0
2359.445,170.0,0.0
2360.4435,170.0,0.0
2361.4415,170.0,0.0
2362.44,170.0,0.0
2363.4385,170.0,1.0015022533803766
2364.437,171.0,0.0
2365.435,171.0,0.0
2366.4335,171.0,0.0
2367.432,171.0,0.0
2368.431,171.0,0.0
2369.429,171.0,0.0
2370.4275,171.0,0.0
2371.4265,171.0,0.0
2372.425,171.0,0.0
2373.4225,171.0,0.0
2374.42,171.0,0.0
2375.4185,171.0,0.0
2376.417,171.0,0.0
2377.416,171.0,0.0
2379.4135,171.0,0.0
2380.4115,171.0,4.002001000500658
2381.411,175.0,61.58505805149638
2382.4015,236.0,151.54536390825155
2383.4045,388.0,223.1115557779117
2384.404,611.0,329.576759328793
2386.4005,1269.0,421.0526315789704
2387.398,1689.0,459.2296148074505
2388.3975,2148.0,492.0
2389.3975,2640.0,517.5292153589504
2392.3925,4190.0,486.73009514264135
2393.391,4676.0,459.9198396793369
2394.389,5135.0,432.86573146290533
2395.387,5567.0,369.4235588972633
2399.377,7041.0,290.5
2401.377,7622.0,256.02409638551785
2402.373,7877.0,236.35453179766122
2403.3715,8113.0,216.2162162162603
2404.3705,8329.0,200.10005002503289
2405.37,8529.0,189.283925888805
2406.3685,8718.0,175.2628943414861
2407.367,8893.0,161.24186279424063
2408.3655,9054.0,146.92653673161922
2409.366,9201.0,135.33834586466907
2410.3635,9336.0,122.30576441103426
2411.361,9458.0,111.16675012517118
2412.3595,9569.0,101.05052526264161
2413.359,9670.0,83.73025821006748
2415.3535,9837.0,67.89815277085384
2416.355,9905.0,57.344064386309725
2417.349,9962.0,47.0
2418.349,10009.0,36.9077306733147
2419.3515,10046.0,27.09483191169794
2420.348,10073.0,17.01701701701274
2421.347,10090.0,8.028098344206798
2422.3435,10098.0,-1.0010010010007495
2423.3425,10097.0,-10.010010010012051
2424.3415,10087.0,-25.52552552552492
2426.3395,10036.0,-37.0648635111493
2428.336,9962.0,-35.08771929823154
2429.3335,9927.0,-36.036036036043384
2430.3325,9891.0,-38.05708562843698
2431.331,9853.0,-37.07414829659143
2432.329,9816.0,-36.05408112169356
2433.3275,9780.0,-36.03603603602698
2434.3265,9744.0,-35.046728971961514
2437.3225,9639.0,-34.10230692076764
2438.3195,9605.0,-35.017508754380756
2439.319,9570.0,-34.06813627254348
2440.317,9536.0,-35.05257886829722
2441.3155,9501.0,-35.03503503504218
2442.3145,9466.0,-35.087719298247535
2443.312,9431.0,-35.017508754380756
2444.3115,9396.0,-33.06613226452749
2445.3095,9363.0,-31.555221637863163
2447.306,9300.0,-32.048072108157456
2448.3045,9268.0,-32.06412825652612
2449.3025,9236.0,-35.04380475593791
2451.3,9166.0,-32.04807210817205
2452.2985,9134.0,-32.048072108157456
2453.297,9102.0,-32.048072108157456
2454.2955,9070.0,-34.06813627254348
2455.2935,9036.0,-30.5381727158957
2457.291,8975.0,-33.03303303303977
2458.29,8942.0,-32.565130260519496
2460.286,8877.0,-32.04807210816232
2463.2815,8781.0,-33.06613226452749
2464.2795,8748.0,-33.01650825413043
2465.279,8715.0,-32.06412825651151
2466.277,8683.0,-32.032032032038565
2467.276,8651.0,-31.523642732046685
2469.2745,8588.0,-30.060120240479538
2470.2725,8558.0,-30.090270812442032
2471.2695,8528.0,-32.5
2473.2695,8463.0,-33.13253012047878
2474.2655,8430.0,-33.966033966027055
2475.2665,8396.0,-31.062124248495522
2476.2645,8365.0,-33.04957436155243
2477.263,8332.0,-30.015007503754934
2478.2625,8302.0,-29.07268170424899
2479.26,8273.0,-32.0
2480.26,8241.0,-33.04957436155243
2481.2585,8208.0,-34.06813627254348
2482.2565,8174.0,-30.060120240479538
2483.2545,8144.0,-31.539424280351298
2485.252,8081.0,-29.52952952952883
2487.25,8022.0,-32.032032032038565
2488.249,7990.0,-31.046569854777534
2489.2475,7959.0,-29.08726178536063
2490.2445,7930.0,-31.96803196802546
2491.2455,7898.0,-30.060120240479538
2492.2435,7868.0,-30.045067601397616
2493.242,7838.0,-29.029029029034948
2494.241,7809.0,-31.108881083787143
2495.2375,7778.0,-32.0
2496.2375,7746.0,-30.075187969926457
2497.235,7716.0,-25.974025974032486
2498.236,7690.0,-29.043565348017694
2499.2345,7661.0,-30.0
2500.2345,7631.0,-30.075187969926457
2501.232,7601.0,-28.98550724637386
2502.2325,7572.0,-30.090270812442032
2503.2295,7542.0,-29.544316474707653
2505.2265,7483.0,-28.971028971036237
2506.2275,7454.0,-29.644466700049698
2516.2125,7158.0,-28.042063094650544
2517.211,7130.0,-32.032032032023984
2518.21,7098.0,-28.056112224447567
2519.208,7070.0,-28.014007003504606
2520.2075,7042.0,-30.030030030036155
2521.2065,7012.0,-29.581348708945995
2523.201,6953.0,-28.98550724637386
2524.2015,6924.0,-29.436795994994547
2534.189,6630.0,-27.01350675336715
2535.1885,6603.0,-29.04356534803092
2536.187,6574.0,-29.029029029021736
2537.186,6545.0,-27.02702702703254
2538.185,6518.0,-29.07268170426224
2539.1825,6489.0,-28.014007003504606
2540.182,6461.0,-25.050100200399616
2541.18,6436.0,-32.0160080039907
2542.1795,6404.0,-28.0
2543.1795,6376.0,-28.070175438598028
2544.177,6348.0,-29.08726178536063
2545.174,6319.0,-30.0
2546.174,6289.0,-29.11646586345105
2547.17,6260.0,-30.953569645536312
2548.1715,6229.0,-29.043565348017694
2549.17,6200.0,-28.375897179102054
2552.1655,6115.0,-28.028028028033745
2553.1645,6087.0,-25.01250625311773
2554.164,6062.0,-27.05410821644391
2555.162,6035.0,-26.986506746623938
2556.1625,6008.0,-27.040560841257854
2557.161,5981.0,-28.046744574291505
2560.156,5897.0,-27.040560841257854
2561.1545,5870.0,-29.029029029034948
2562.1535,5841.0,-29.043565348017694
2563.152,5812.0,-27.06766917293381
2564.1495,5785.0,-29.029029029034948
2565.1485,5756.0,-30.01500750374128
2566.148,5726.0,-29.04356534803092
2567.1465,5697.0,-28.056112224447567
2568.1445,5669.0,-28.070175438598028
2569.142,5641.0,-26.01300650324244
2570.1415,5615.0,-28.014007003504606
2571.141,5587.0,-27.02702702703254
2572.14,5560.0,-24.036054081118092
2573.1385,5536.0,-22.9770229770183
2574.1395,5513.0,-25.05010020041103
2575.1375,5488.0,-29.058116232463554
2576.1355,5459.0,-26.986506746623938
2577.136,5432.0,-26.104417670680252
2578.132,5406.0,-27.520640480358217
2580.1305,5351.0,-27.013506753379442
2581.13,5324.0,-27.555110220439577
2583.126,5269.0,-26.013006503254278
2584.1255,5243.0,-27.040560841270167
2585.124,5216.0,-27.040560841257854
2586.1225,5189.0,-27.013506753379442
2587.122,5162.0,-26.0521042084156
2588.12,5136.0,-26.758896878128503
2599.107,4842.0,-26.07823470411643
2600.104,4816.0,-25.02502502501874
2601.103,4791.0,-26.013006503254278
2602.1025,4765.0,-28.070175438598028
2603.1,4737.0,-27.054108216431583
2604.098,4710.0,-25.062656641605383
2605.0955,4685.0,-25.01250625312911
2606.095,4660.0,-26.01300650324836
2608.094,4608.0,-25.311845579531603
2619.077,4330.0,-25.029200734192045
2622.0735,4255.0,-25.037556334498014
2623.072,4230.0,-25.02502502503013
2624.071,4205.0,-24.53066332916212
2626.0685,4156.0,-25.02502502501874
2627.0675,4131.0,-21.02102102102531
2628.0665,4110.0,-29.058116232463554
2629.0645,4081.0,-27.013506753379442
2630.064,4054.0,-28.042063094637776
2631.0625,4026.0,-26.013006503254278
2632.062,4000.0,-26.039058587877932
2633.0605,3974.0,-26.0521042084156
2634.0585,3948.0,-25.043826696722498
2636.055,3898.0,-26.065162907269595
2637.0525,3872.0,-24.975024975019892
2638.0535,3847.0,-24.04809619238363
2639.0515,3823.0,-25.037556334498014
2640.05,3798.0,-24.987506246885374
2641.0505,3773.0,-25.062656641605383
2642.048,3748.0,-26.0521042084156
2643.046,3722.0,-26.026026026019487
2644.045,3696.0,-26.026026026031335
2645.044,3670.0,-26.0521042084156
2646.042,3644.0,-24.987506246874016
2647.0425,3619.0,-25.062656641605383
2648.04,3594.0,-24.482366325369334
2659.0275,3325.0,-23.0
2660.0275,3302.0,-23.011505752878783
2661.027,3279.0,-22.01100550275362
2662.0265,3257.0,-25.050100200399616
2663.0245,3232.0,-23.541197094913787
2665.021,3185.0,-22.0
2666.021,3163.0,-24.060150375941166
2667.0185,3139.0,-22.01100550275362
2668.018,3117.0,-24.04809619238363
2669.016,3093.0,-26.986506746623938
2670.0165,3066.0,-23.046092184367645
2671.0145,3043.0,-22.016512384291584
2673.013,2999.0,-25.025025025024433
2675.011,2949.0,-24.072216649953628
2676.008,2925.0,-25.93516209476168
2677.0105,2899.0,-23.03455182773817
2678.009,2876.0,-25.037556334498014
2679.0075,2851.0,-24.072216649953628
2680.0045,2827.0,-23.952095808384364
2681.0065,2803.0,-24.0842950326094
2682.003,2779.0,-24.060150375941166
2683.0005,2755.0,-23.0
2684.0005,2732.0,-23.069207622872227
2684.9975,2709.0,-20.968547179234275
2685.999,2688.0,-24.0842950326094
2686.9955,2664.0,-22.01100550275362
2687.995,2642.0,-24.012006003003947
2688.9945,2618.0,-23.069207622861704
2689.9915,2595.0,-23.0
2690.9915,2572.0,-25.037556334509414
2691.99,2547.0,-25.01250625311773
2692.9895,2522.0,-23.523523523522968
2694.9875,2475.0,-23.02302302302772
2695.9865,2452.0,-23.046092184367645
2696.9845,2429.0,-23.028785982478727
2698.982,2383.0,-22.03304957435825
2699.9805,2361.0,-22.0
2700.9805,2339.0,-23.046092184367645
2701.9785,2316.0,-23.0403205609847
2703.975,2270.0,-21.989005497249135
2704.9755,2248.0,-22.851465474417203
2705.982,2225.0,-23.988005996999057
2706.9825,2201.0,-23.267577137078007
2707.971,2178.0,-22.79484638255666
2708.98,2155.0,-23.22059565876093
2709.9705,2132.0,-22.840119165837724
2710.9775,2109.0,-21.212121212116145
2711.9675,2088.0,-21.52690863579533
2713.965,2045.0,-20.025031289111936
2715.9625,2005.0,-20.885131775241263
2716.968,1984.0,-22.18860312657394
2717.9595,1962.0,-24.850894632210263
2718.9655,1937.0,-23.127199597782166
2719.96,1914.0,-21.96704942586448
2720.9615,1892.0,-21.972534332084294
2722.964,1848.0,-23.232323232317682
2723.954,1825.0,-20.895522388066887
2724.959,1804.0,-20.110608345897536
2725.9535,1784.0,-18.700787401573397
2726.9695,1765.0,-23.469387755101604
2727.9495,1742.0,-22.055137844612734
2728.947,1720.0,-22.01100550275362
2729.9465,1698.0,-23.046092184367645
2730.9445,1675.0,-20.97902097902624
2731.9455,1654.0,-22.05513784460268
2732.943,1632.0,-22.044088176361704
2733.941,1610.0,-21.989005497249135
2734.9415,1588.0,-22.04408817635166
2735.9395,1566.0,-22.02202202201649
2736.9385,1544.0,-22.044088176361704
2737.9365,1522.0,-23.011505752868313
2738.936,1499.0,-21.031547320987908
2739.9345,1478.0,-22.055137844612734
2740.932,1456.0,-22.0
2741.932,1434.0,-22.02202202201649
2742.931,1412.0,-21.042084168335677
2743.929,1391.0,-22.0
2744.929,1369.0,-22.01100550275362
2745.9285,1347.0,-21.03154732097833
2746.927,1326.0,-20.04008016032426
2748.923,1286.0,-22.014676450966963
2751.921,1220.0,-22.6969292389846
2754.917,1152.0,-23.529411764706524
2756.9145,1105.0,-20.02002002001499
2757.9135,1085.0,-22.022022022026512
2758.9125,1063.0,-22.23970251716259
2772.8965,752.0,-25.02502502501874
2773.8955,727.0,-22.04408817635166
2774.8935,705.0,-20.0
2775.8935,685.0,-19.0190190190229
2776.8925,666.0,-18.045112781955876
2777.89,648.0,-22.011005502748613
2779.889,604.0,-24.060150375941166
2780.8865,580.0,-21.516137102825514
2782.885,537.0,-9.009009009010846
2783.884,528.0,-6.0060060060072304
2784.883,522.0,-5.0025012506235464
2785.8825,517.0,-6.0060060060072304
2786.8815,511.0,-6.0
2787.8815,505.0,-5.511022044087915
2789.8775,494.0,-4.997501249374803
2790.878,489.0,-5.012531328321076
2791.8755,484.0,-6.0060060060072304
2792.8745,478.0,-6.006006006004497
2793.8735,472.0,-5.002501250625823
2794.873,467.0,-5.5068836045057825
2796.8705,456.0,-5.012531328321076
2797.868,451.0,-7.0
2798.868,444.0,-7.010515773659444
2799.8665,437.0,-5.010020040079923
2800.8645,432.0,-5.99700149925249
2801.865,426.0,-5.005005005003747
2802.864,421.0,-6.0
2803.864,415.0,-5.0050050050060255
2804.863,410.0,-5.0025012506235464
2805.8625,405.0,-5.0050050050060255
2806.8615,400.0,-7.010515773659444
2807.86,393.0,-6.015037593985292
2808.8575,387.0,-7.010515773659444
2809.856,380.0,-6.003001500750987
2810.8555,374.0,-7.0
2811.8555,367.0,-7.007007007008436
2812.8545,360.0,-6.009013520279523
2813.853,354.0,-7.017543859649507
2814.8505,347.0,-6.0060060060072304
2815.8495,341.0,-7.014028056111892
2817.8455,327.0,-6.989515726408252
2818.847,320.0,-7.007007007008436
2819.846,313.0,-6.989515726411425
2820.8475,306.0,-7.513148009015039
2822.844,291.0,-6.506506506506352
2824.842,278.0,-7.007007007008436
2825.841,271.0,-8.024072216647548
2826.838,263.0,-7.0
2827.838,256.0,-8.008008008009641
2828.837,248.0,-7.010515773659444
2829.8355,241.0,-7.010515773662636
2830.834,234.0,-7.003501750872965
2831.8335,227.0,-7.007007007008436
2832.8325,220.0,-7.021063189569808
2833.8295,213.0,-7.0
2834.8295,206.0,-8.0
2835.8295,198.0,-7.021063189566605
2836.8265,191.0,-6.0
2837.8265,185.0,-1.00162764492299
2841.82,181.0,0.0
2842.821,181.0,0.0
2843.8195,181.0,0.0
2844.8185,181.0,0.0
2845.8175,181.0,0.0
2846.815,181.0,0.0
2847.815,181.0,-1.0005002501251645
2848.8145,180.0,0.0
2849.813,180.0,0.0
2850.812,180.0,0.0
2851.8115,180.0,0.0
2852.8105,180.0,0.0
2853.809,180.0,0.0
2854.808,180.0,0.0
2855.807,180.0,0.0
2857.805,180.0,0.0
2858.806,180.0,0.0
2860.802,180.0,-1.0015022533803766
2861.8005,179.0,0.0
2863.797,179.0,0.0
2864.7965,179.0,0.0
2865.7955,179.0,0.0
2866.795,179.0,0.0
2867.794,179.0,0.0
2868.793,179.0,1.0010010010012051
2869.792,180.0,0.0
2870.791,180.0,0.0
2872.7895,180.0,0.0
2873.7885,180.0,0.0
2874.7875,180.0,0.0
2875.7865,180.0,0.0
2876.785,180.0,0.0
2877.784,180.0,0.0
2878.783,180.0,0.0
2879.7825,180.0,0.0
2882.779,180.0,0.0
2883.778,180.0,0.0
2884.777,180.0,0.5006257822277984
2886.7745,181.0,0.0
2887.7735,181.0,0.0
2888.7725,181.0,0.0
2889.7705,181.0,0.0
2890.7705,181.0,0.0
2891.771,181.0,0.0
2892.7695,181.0,0.0
2893.769,181.0,0.0
2894.767,181.0,0.0
2895.7655,181.0,-1.0
2896.7655,180.0,0.0
2897.7635,180.0,0.0
2898.763,180.0,0.0
2899.761,180.0,0.0
2900.76,180.0,0.0
2901.7595,180.0,0.0
2903.7565,180.0,0.0
2904.7555,180.0,0.0
2905.754,180.0,0.0
2906.754,180.0,0.0
2907.752,180.0,0.0
2908.752,180.0,0.0
2909.75,180.0,0.0
2910.7495,180.0,0.0
2911.747,180.0,0.0
2912.7455,180.0,0.0
2913.7455,180.0,0.0
2914.745,180.0,0.0
2915.744,180.0,0.0
2917.7425,180.0,0.0
2918.742,180.0,0.0
2920.74,180.0,-0.5003752814610585
2922.7385,179.0,0.0
2923.7375,179.0,0.0
2924.7365,179.0,0.0
2925.7355,179.0,0.0
2926.7345,179.0,0.0
2927.733,179.0,0.0
2928.733,179.0,0.0
2929.7315,179.0,0.0
2930.7305,179.0,0.0
2931.7295,179.0,0.0
2932.728,179.0,0.0
2933.727,179.0,0.0
2934.726,179.0,0.0
2935.724,179.0,0.0
2936.723,179.0,0.0
2937.7215,179.0,0.0
2938.7205,179.0,0.0
2939.7185,179.0,0.0
2941.718,179.0,0.0
2943.7155,179.0,0.0
2944.715,179.0,0.0
2945.7135,179.0,0.0
2946.712,179.0,0.0
2947.7115,179.0,0.0
2948.71,179.0,0.0
2950.708,179.0,0.0
2953.7045,179.0,1.0010010010007495
2954.7035,180.0,0.0
2955.702,180.0,0.0
2956.701,180.0,0.0
2957.7,180.0,0.0
2958.6995,180.0,0.0
2959.6975,180.0,0.0
2960.6965,180.0,0.0
2962.694,180.0,0.0
2963.6925,180.0,0.0
2964.692,180.0,0.0
2965.691,180.0,-0.33361134278561017
2968.6885,179.0,0.0
2969.687,179.0,0.0
2970.6865,179.0,0.0
2971.6845,179.0,0.5003752814610585
2973.683,180.0,0.0
2974.6815,180.0,0.0
2975.6805,180.0,0.0
2976.6805,180.0,0.0
2977.679,180.0,0.0
2978.6785,180.0,0.0
2979.6775,180.0,0.0
2980.6765,180.0,0.0
2981.6755,180.0,0.0
2982.6745,180.0,0.0
2984.6725,180.0,0.0
2985.6715,180.0,0.0
2987.6685,180.0,0.0
2988.668,180.0,0.0
2989.6675,180.0,-1.0015022533799205
2990.666,179.0,0.0
2991.6655,179.0,0.0
2993.6635,179.0,0.0
2994.6625,179.0,-1.0005002501251645
2995.662,178.0,0.0
2996.6605,178.0,0.0
2997.6595,178.0,-1.0015022533803766
2998.658,177.0,0.0
2999.657,177.0,0.0
3000.6615,177.0,0.0
3001.6545,177.0,-1.0010010010012051
3002.6535,176.0,0.0
3003.653,176.0,0.0
3004.6515,176.0,0.0
3005.6505,176.0,0.0
3006.6495,176.0,0.0
3007.648,176.0,-1.0010010010012051
3008.647,175.0,0.0
3010.644,175.0,0.0
3011.643,175.0,0.0
3012.6415,175.0,0.0
3014.641,175.0,0.0
3015.6405,175.0,0.0
3016.6385,175.0,0.0
3017.638,175.0,0.0
3019.636,175.0,0.0
3020.635,175.0,1.0010010010012051
3021.634,176.0,0.0
3022.6325,176.0,0.5003752814611724
3024.631,177.0,0.0
3025.6305,177.0,0.0
3026.629,177.0,0.0
3027.6275,177.0,0.0
3028.627,177.0,0.0
3029.6265,177.0,1.0010010010007495
3030.6255,178.0,0.0
3032.6225,178.0,0.0
3033.6215,178.0,0.0
3034.6205,178.0,0.0
3036.618,178.0,1.0
3037.618,179.0,0.0
3038.6175,179.0,0.0
3040.6155,179.0,0.0
3041.614,179.0,0.0
3042.613,179.0,0.0
3043.612,179.0,0.0
3044.6105,179.0,0.0
3045.61,179.0,0.0
3046.609,179.0,1.0015022533799205
3047.6075,180.0,0.0
3048.606,180.0,0.0
3050.6045,180.0,0.0
3051.603,180.0,0.0
3053.6005,180.0,0.0
3054.6,180.0,0.0
3055.599,180.0,0.0
3056.5975,180.0,-1.0015022533799205
3057.596,179.0,0.0
3058.5945,179.0,0.0
3060.592,179.0,0.0
3061.5905,179.0,0.0
3062.5905,179.0,0.0
3063.5885,179.0,0.0
3064.588,179.0,-1.0010010010012051
3065.587,178.0,0.0
3066.586,178.0,0.0
3067.5845,178.0,0.0
3068.583,178.0,0.0
3070.5805,178.0,0.0
3072.5785,178.0,0.0
3073.577,178.0,0.0
3076.5735,178.0,0.0
3077.5725,178.0,0.0
3078.571,178.0,0.0
3079.57,178.0,0.0
3080.5685,178.0,0.0
3081.5675,178.0,0.0
3082.5665,178.0,0.0
3084.5635,178.0,0.0
3085.5625,178.0,0.0
3086.561,178.0,0.0
3087.561,178.0,0.0
3088.5605,178.0,0.0
3089.559,178.0,0.0
3090.558,178.0,0.0
3091.557,178.0,0.0
3092.555,178.0,0.0
3093.554,178.0,0.0
3094.5525,178.0,0.0
3095.552,178.0,0.0
3097.5495,178.0,0.0
3098.5475,178.0,0.0
3099.5465,178.0,0.0
3101.544,178.0,0.0
3102.543,178.0,0.0
3103.5415,178.0,0.0
3104.5405,178.0,0.0
3105.54,178.0,0.0
3106.5385,178.0,0.0
3107.536,178.0,0.0
3108.5345,178.0,0.0
3109.534,178.0,0.0
3110.5335,178.0,0.0
3111.532,178.0,0.0
3112.531,178.0,0.0
3113.53,178.0,0.0
3114.5285,178.0,0.0
3115.5275,178.0,0.0
3116.5265,178.0,0.0
3118.524,178.0,0.0
3120.523,178.0,0.0
3121.521,178.0,0.0
3122.5195,178.0,0.0
3123.5185,178.0,0.0
3124.518,178.0,0.0
3126.5155,178.0,0.0
3127.514,178.0,0.0
3128.513,178.0,0.0
3129.512,178.0,0.0
3130.5105,178.0,0.0
3131.5095,178.0,0.0
3132.508,178.0,0.0
3133.507,178.0,0.0
3135.504,178.0,-0.9995002498749607
3136.5045,177.0,0.0
3137.5035,177.0,0.0
3139.501,177.0,0.0
3140.5005,177.0,0.0
3141.4995,177.0,0.0
3142.4985,177.0,-1.0010010010012051
3143.4975,176.0,0.0
3144.497,176.0,0.0
3145.496,176.0,0.0
3146.495,176.0,0.0
3148.493,176.0,0.0
3149.492,176.0,0.0
3150.4915,176.0,0.0
3152.489,176.0,0.0
3153.488,176.0,0.0
3154.487,176.0,0.0
3155.486,176.0,0.0
3156.4845,176.0,0.0
3157.4825,176.0,1.0
3158.4825,177.0,0.0
3159.481,177.0,0.0
3161.48,177.0,0.0
3162.4785,177.0,0.0
3163.4775,177.0,0.0
3164.4765,177.0,1.0
3165.4765,178.0,0.0
3167.473,178.0,0.0
3168.4725,178.0,0.0
3169.4715,178.0,0.0
3170.47,178.0,0.0
3171.4695,178.0,1.0015022533803766
3172.468,179.0,0.0
3173.467,179.0,0.0
3174.466,179.0,0.0
3176.4635,179.0,0.0
3177.4635,179.0,0.0
3178.461,179.0,0.0
3179.46,179.0,0.0
3180.4595,179.0,0.0
3181.4565,179.0,0.0
3182.4555,179.0,0.0
3183.455,179.0,0.0
3184.454,179.0,0.0
3185.454,179.0,0.0
3186.4535,179.0,0.0
3187.452,179.0,0.0
3188.4505,179.0,0.0
3189.45,179.0,0.0
3190.449,179.0,0.0
3191.4475,179.0,0.0
3192.447,179.0,0.0
3193.4455,179.0,0.0
3194.445,179.0,0.0
3196.443,179.0,0.0
3197.441,179.0,-1.0010010010007495
3198.44,178.0,0.0
3199.439,178.0,0.0
3200.438,178.0,0.0
3201.4375,178.0,0.0
3202.436,178.0,0.0
3204.4345,178.0,0.0
3205.433,178.0,0.0
3206.432,178.0,-0.5006257822276844
3208.4295,177.0,0.0
3209.429,177.0,0.0
3210.428,177.0,0.0
3211.4275,177.0,0.0
3212.426,177.0,0.0
3213.4255,177.0,0.0
3215.423,177.0,0.0
3216.422,177.0,0.0
3218.42,177.0,0.0
3219.419,177.0,0.0
3220.4185,177.0,0.0
3221.417,177.0,0.0
3222.416,177.0,0.0
3233.4035,177.0,0.0
3234.403,177.0,0.0
3235.4015,177.0,0.0
3236.4015,177.0,0.0
3237.4,177.0,0.0
3238.3985,177.0,0.0
3240.397,177.0,0.0
3241.3955,177.0,0.0
3242.394,177.0,0.0
3243.3925,177.0,0.0
3245.3905,177.0,0.3337226764558433
3248.387,178.0,0.0
3249.3855,178.0,0.0
3250.385,178.0,0.0
3251.3835,178.0,0.0
3252.3825,178.0,0.0
3254.3795,178.0,1.0010010010012051
3255.3785,179.0,0.0
3256.377,179.0,0.0
3257.375,179.0,0.0
3258.3755,179.0,0.0
3259.3745,179.0,0.0
3260.3735,179.0,0.0
3261.3725,179.0,0.0
3262.371,179.0,0.0
3263.37,179.0,0.0
3264.369,179.0,0.0
3265.3685,179.0,0.0
3266.3665,179.0,0.0
3267.3655,179.0,0.0
3268.3645,179.0,0.0
3270.3615,179.0,0.0
3271.361,179.0,1.0010010010007495
3272.36,180.0,0.0
3273.3585,180.0,0.0
3274.3575,180.0,0.0
3275.357,180.0,0.0
3276.355,180.0,0.0
3277.354,180.0,0.0
3278.352,180.0,0.0
3280.349,180.0,0.0
3281.348,180.0,0.0
3282.347,180.0,-1.0
3283.347,179.0,0.0
3284.3455,179.0,0.0
3285.3445,179.0,0.0
3286.343,179.0,0.0
3287.342,179.0,0.0
3290.338,179.0,0.0
3291.337,179.0,0.0
3292.335,179.0,0.0
3293.3345,179.0,0.0
3294.3335,179.0,0.0
3296.331,179.0,0.0
3297.3305,179.0,-1.0010010010012051
3298.3295,178.0,0.0
3300.3285,178.0,0.0
3301.3265,178.0,0.0
3302.325,178.0,0.0
3303.323,178.0,0.0
3305.321,178.0,0.0
3306.3195,178.0,-1.0
3307.3195,177.0,0.0
3308.3185,177.0,0.0
3310.3165,177.0,0.0
3312.314,177.0,0.0
3313.313,177.0,0.0
3314.313,177.0,0.0
3315.3105,177.0,0.0
3316.3095,177.0,0.0
3317.3085,177.0,0.0
3318.307,177.0,0.0
3319.306,177.0,0.0
3320.305,177.0,-1.0010010010007495
3321.304,176.0,0.0
3322.3025,176.0,0.0
3323.3015,176.0,0.0
3325.299,176.0,-1.0015022533799205
3326.2975,175.0,0.0
3327.2965,175.0,0.0
3328.2945,175.0,0.0
3330.293,175.0,0.0
3331.2915,175.0,0.0
3332.291,175.0,0.0
3333.29,175.0,0.0
3334.2885,175.0,0.0
3335.2885,175.0,0.0
3336.287,175.0,0.0
3337.286,175.0,0.0
3338.285,175.0,0.0
3339.285,175.0,0.0
3340.283,175.0,0.0
3341.2815,175.0,0.0
3343.2795,175.0,0.0
3344.2785,175.0,0.0
3345.2775,175.0,0.0
3346.276,175.0,0.0
3347.2745,175.0,0.0
3348.274,175.0,0.0
3349.2725,175.0,0.0
3351.2705,175.0,0.0
3352.2685,175.0,0.0
3353.2675,175.0,0.0
3355.265,175.0,0.0
3356.2645,175.0,1.0
3357.2645,176.0,0.0
3358.2625,176.0,0.0
3359.2615,176.0,0.0
3360.261,176.0,0.0
3361.259,176.0,0.0
3362.2585,176.0,0.0
3363.258,176.0,0.0
3364.2565,176.0,0.0
3365.255,176.0,1.0015022533803766
3366.2535,177.0,0.0
3367.253,177.0,0.0
3368.251,177.0,0.0
3369.25,177.0,0.0
3370.249,177.0,0.0
3372.247,177.0,0.0
3373.2455,177.0,0.3337783711615382
3376.2415,178.0,0.0
3377.2395,178.0,0.0
3378.2385,178.0,0.0
3379.2375,178.0,0.0
3380.2365,178.0,0.0
3381.236,178.0,0.0
3382.235,178.0,0.0
3383.234,178.0,0.0
3384.2325,178.0,0.0
3385.232,178.0,0.0
3386.23,178.0,1.0010010010012051
3387.229,179.0,0.0
3388.228,179.0,0.0
3390.225,179.0,0.0
3392.2225,179.0,0.0
3394.2205,179.0,0.0
3395.219,179.0,0.0
3396.2175,179.0,0.0
3397.2165,179.0,0.0
3398.215,179.0,0.0
3399.2135,179.0,0.0
3400.212,179.0,0.0
3402.2085,179.0,0.0
3403.207,179.0,0.0
3404.205,179.0,0.0
3405.206,179.0,0.0
3407.2025,179.0,0.0
3408.2015,179.0,0.0
3409.2005,179.0,0.0
3410.199,179.0,0.0
3411.198,179.0,0.0
3413.1955,179.0,0.0
3414.1945,179.0,0.0
3415.193,179.0,0.0
3416.192,179.0,0.0
3417.1915,179.0,0.0
3418.1895,179.0,0.0
3419.188,179.0,0.0
3420.1875,179.0,0.0
3422.1845,179.0,-1.0010010010007495
3423.1835,178.0,0.0
3424.1815,178.0,0.0
3425.18,178.0,0.0
3426.1785,178.0,0.0
3427.177,178.0,0.0
3428.1755,178.0,-1.0005002501247093
3429.175,177.0,0.0
3430.174,177.0,0.0
3431.173,177.0,0.0
3432.172,177.0,-0.5003752814610585
3434.1705,176.0,0.0
3435.1685,176.0,0.0
3436.1675,176.0,0.0
3437.166,176.0,0.0
3438.1645,176.0,0.0
3439.163,176.0,0.0
3440.163,176.0,0.0
3444.1565,176.0,0.0
3445.1555,176.0,0.0
3446.154,176.0,0.0
3447.153,176.0,0.0
3448.1515,176.0,0.0
3449.1505,176.0,0.0
3450.1485,176.0,0.0
3451.1475,176.0,0.0
3452.145,176.0,0.0
3454.1445,176.0,0.0
3455.144,176.0,0.0
3456.1425,176.0,0.0
3457.142,176.0,0.0
3458.14,176.0,0.0
3459.139,176.0,0.0
3460.138,176.0,1.0020040080159847
3461.136,177.0,0.0
3462.1355,177.0,0.0
3463.1345,177.0,0.0
3464.134,177.0,0.0
3465.133,177.0,0.0
3466.131,177.0,0.0
3467.1305,177.0,0.0
3468.129,177.0,0.0
3469.128,177.0,0.0
3470.1265,177.0,0.0
3471.126,177.0,0.0
3473.1235,177.0,0.0
3474.121,177.0,0.0
3476.118,177.0,0.0
3478.1165,177.0,0.0
3479.1165,177.0,0.0
3480.117,177.0,0.0
3481.114,177.0,0.0
3482.112,177.0,0.0
3483.111,177.0,0.0
3484.11,177.0,0.0
3485.109,177.0,0.0
3487.1065,177.0,1.0010010010007495
3488.1055,178.0,0.0
3489.1045,178.0,0.0
3491.102,178.0,0.0
3492.1015,178.0,0.0
3493.0995,178.0,0.0
3494.099,178.0,0.0
3495.0975,178.0,0.0
3496.0965,178.0,0.0
3497.096,178.0,0.0
3498.094,178.0,0.0
3499.092,178.0,0.0
3500.0905,178.0,0.0
3501.091,178.0,0.0
3502.089,178.0,0.0
3503.0885,178.0,0.0
3504.0875,178.0,0.0
3505.086,178.0,0.0
3506.0845,178.0,0.0
3507.084,178.0,0.0
3508.0825,178.0,-1.0015022533799205
3509.081,177.0,0.0
3510.08,177.0,0.0
3511.0785,177.0,0.0
3512.0775,177.0,0.0
3513.076,177.0,0.0
3514.0745,177.0,0.0
3515.0735,177.0,0.0
3516.073,177.0,0.0
3517.0715,177.0,-0.5010020040079923
3519.0675,176.0,0.0
3520.0665,176.0,0.0
3521.0655,176.0,0.0
3522.0645,176.0,0.0
3523.0625,176.0,0.0
3524.061,176.0,0.0
3525.0605,176.0,0.0
3526.059,176.0,0.0
3527.0565,176.0,0.0
3528.0575,176.0,0.0
3529.0555,176.0,0.0
3530.0545,176.0,0.0
3531.0535,176.0,0.0
3532.0515,176.0,0.5006257822277984
3534.049,177.0,0.0
3535.048,177.0,0.0
3536.0465,177.0,0.0
3538.044,177.0,0.0
3539.043,177.0,0.0
3540.043,177.0,0.0
3541.041,177.0,0.0
3542.04,177.0,0.0
3543.039,177.0,0.0
3544.037,177.0,1.0010010010007495
3545.036,178.0,0.0
3546.0345,178.0,0.0
3547.0335,178.0,0.0
3548.031,178.0,0.0
3549.0305,178.0,1.0010010010007495
3550.0295,179.0,0.0
3551.0275,179.0,0.0
3552.028,179.0,0.0
3553.0265,179.0,0.0
3554.0255,179.0,0.0
3555.0245,179.0,0.0
3557.022,179.0,0.0
3558.021,179.0,0.0
3559.0195,179.0,0.0
3560.019,179.0,0.0
3561.0175,179.0,0.0
3563.015,179.0,-1.0015022533799205
3564.0135,178.0,0.0
3565.0125,178.0,0.0
3566.0115,178.0,0.0
3567.01,178.0,0.0
3568.009,178.0,0.0
3569.008,178.0,0.0
3570.007,178.0,0.0
3573.003,178.0,0.0
3575.0,178.0,0.0
3576.0005,178.0,0.0
3576.9995,178.0,0.0
3577.9985,178.0,0.0
3578.9975,178.0,0.0
3579.9965,178.0,0.0
3580.9945,178.0,0.0
3581.9935,178.0,0.0
3582.992,178.0,0.0
3583.9905,178.0,0.0
3584.99,178.0,0.0
3585.988,178.0,0.0
3586.9865,178.0,0.0
3587.985,178.0,0.0
3588.984,178.0,0.0
3589.983,178.0,0.0
3590.981,178.0,-0.5006257822277984
3592.9785,177.0,0.0
3593.977,177.0,0.0
3594.976,177.0,0.0
3595.9745,177.0,0.0
3596.9725,177.0,0.0
3597.9705,177.0,0.0
3598.9695,177.0,0.0
3599.972,177.0,0.0
3600.9675,177.0,0.0
3601.966,177.0,-1.0015022533799205
3602.9645,176.0,1.0015022533799205
3603.963,177.0,-0.5007511266900743
3605.96,176.0,0.0
3607.957,176.0,0.0
3608.9555,176.0,0.0
3609.954,176.0,0.0
3610.953,176.0,1.0015022533799205
3611.9515,177.0,0.0
3612.95,177.0,0.0
3613.9485,177.0,0.0
3614.947,177.0,0.0
3615.9455,177.0,0.0
3616.944,177.0,0.0
3617.9425,177.0,0.0
3618.942,177.0,0.0
3619.9395,177.0,0.0
3620.938,177.0,0.0
3621.936,177.0,0.0
3622.934,177.0,0.0
3623.9335,177.0,0.0
3624.932,177.0,0.0
3625.9315,177.0,0.0
3626.9305,177.0,0.0
3627.9285,177.0,0.0
3628.9275,177.0,0.0
3629.926,177.0,0.0
3631.9225,177.0,0.0
3632.9215,177.0,0.0
3633.9195,177.0,0.0
3634.918,177.0,0.0
3635.9165,177.0,0.0
3636.9145,177.0,0.0
3637.9135,177.0,-1.0020040080159847
3638.9115,176.0,0.0
3639.9105,176.0,0.0
3642.905,176.0,0.0
3643.9045,176.0,0.0
3644.9035,176.0,0.0
3645.9,176.0,0.0
3646.899,176.0,0.0
3647.897,176.0,-1.0010010010007495
3648.896,175.0,0.0
3650.8945,175.0,0.0
3651.893,175.0,0.0
3652.891,175.0,0.0
3654.889,175.0,1.0015022533803766
3655.8875,176.0,0.0
3656.886,176.0,0.0
3657.885,176.0,0.0
3658.884,176.0,0.0
3659.8835,176.0,0.0
3660.881,176.0,0.0
3661.8795,176.0,0.0
3662.879,176.0,0.0
3663.877,176.0,0.0
3664.876,176.0,1.0015022533803766
3665.8745,177.0,0.0
3666.8735,177.0,0.0
3667.872,177.0,0.0
3670.8665,177.0,0.0
3671.866,177.0,0.0
3672.8645,177.0,0.0
3674.863,177.0,0.0
3675.861,177.0,0.0
3676.8605,177.0,0.0
3677.859,177.0,0.0
3679.8565,177.0,0.0
3680.855,177.0,0.0
3681.8535,177.0,0.0
3682.852,177.0,0.0
3683.8505,177.0,0.0
3684.849,177.0,0.0
3685.848,177.0,0.0
3686.847,177.0,1.0015022533803766
3687.8455,178.0,0.0
3689.843,178.0,0.0
3690.8415,178.0,0.0
3691.8405,178.0,0.0
3692.839,178.0,0.0
3693.8375,178.0,0.0
3694.8355,178.0,0.0
3695.8345,178.0,0.0
3696.8335,178.0,0.5002501250625823
3698.8325,179.0,0.0
3701.829,179.0,0.0
3702.8275,179.0,0.0
3703.8265,179.0,0.0
3704.826,179.0,0.0
3706.823,179.0,0.0
3707.8215,179.0,0.0
3708.82,179.0,0.0
3709.8195,179.0,0.0
3710.818,179.0,1.0010010010012051
3711.817,180.0,0.0
3712.8155,180.0,0.0
3713.8145,180.0,0.0
3714.813,180.0,0.0
3715.812,180.0,-1.0015022533799205
3716.8105,179.0,0.0
3718.8075,179.0,0.0
3719.8075,179.0,0.0
3720.805,179.0,0.0
3721.8035,179.0,0.0
3722.8025,179.0,-1.0
3723.8025,178.0,0.0
3724.801,178.0,0.0
3725.7995,178.0,0.0
3726.798,178.0,-0.5005005005004887
3728.796,177.0,0.0
3729.795,177.0,0.0
3731.793,177.0,0.0
3732.7915,177.0,-0.5006257822276844
3734.789,176.0,0.0
3735.7885,176.0,0.0
3736.7875,176.0,0.0
3738.7845,176.0,0.0
3739.783,176.0,0.0
3740.783,176.0,0.0
3741.781,176.0,0.0
3743.7775,176.0,0.0
3744.776,176.0,0.0
3745.7745,176.0,0.0
3746.7735,176.0,0.0
3747.7725,176.0,0.0
3748.7715,176.0,0.0
3749.77,176.0,0.0
3750.7685,176.0,0.0
3751.7675,176.0,0.0
3752.766,176.0,0.0
3753.765,176.0,0.0
3754.764,176.0,0.0
3755.7625,176.0,0.0
3756.761,176.0,0.0
3757.7595,176.0,0.0
3758.758,176.0,0.0
3760.756,176.0,0.5005005005004887
3762.754,177.0,0.0
3763.7515,177.0,0.0
3764.7515,177.0,0.0
3765.7495,177.0,0.0
3766.7485,177.0,0.0
3767.7465,177.0,0.0
3769.744,177.0,0.0
3770.743,177.0,0.0
3772.741,177.0,0.0
3773.7395,177.0,1.0015022533803766
3774.738,178.0,0.0
3775.737,178.0,0.0
3776.7355,178.0,0.0
3777.734,178.0,0.0
3778.7325,178.0,0.0
3780.73,178.0,0.0
3781.7285,178.0,0.0
3782.727,178.0,1.0010010010007495
3783.726,179.0,0.0
3784.7245,179.0,0.0
3785.7235,179.0,0.0
3786.7225,179.0,0.0
3787.7205,179.0,0.0
3788.7195,179.0,0.0
3789.7185,179.0,0.0
3790.717,179.0,0.0
3791.7155,179.0,0.0
3792.713,179.0,0.0
3793.7125,179.0,0.0
3794.7115,179.0,-1.0020040080159847
3795.7095,178.0,0.0
3796.709,178.0,0.0
3797.7075,178.0,0.0
3799.7045,178.0,0.0
3800.7035,178.0,0.0
3801.7025,178.0,0.0
3803.699,178.0,0.0
3806.6955,178.0,0.0
3807.694,178.0,0.0
3808.6925,178.0,0.0
3809.6915,178.0,0.0
3810.69,178.0,0.0
3812.6875,178.0,0.0
3813.685,178.0,1.0010010010007495
3814.684,179.0,0.0
3815.683,179.0,0.0
3817.6805,179.0,0.0
3818.678,179.0,0.0
3819.677,179.0,0.0
3820.6765,179.0,0.0
3821.675,179.0,0.0
3822.6735,179.0,0.0
3823.6715,179.0,-1.0
3824.6715,178.0,0.0
3825.6695,178.0,0.0
3826.668,178.0,1.0015022533803766
3827.6665,179.0,0.0
3828.6655,179.0,0.0
3829.664,179.0,-0.33377837116158887
3832.66,178.0,0.0
3833.6585,178.0,0.0
3834.657,178.0,0.0
3835.656,178.0,0.0
3836.654,178.0,0.0
3837.653,178.0,0.0
3839.651,178.0,-0.5011275369581577
3841.6465,177.0,0.0
3842.6455,177.0,0.0
3843.643,177.0,0.0
3844.642,177.0,0.0
3846.64,177.0,0.0
3847.639,177.0,0.0
3848.6375,177.0,0.0
3850.635,177.0,0.0
3851.634,177.0,0.0
3852.6325,177.0,0.0
3853.6305,177.0,0.0
3854.6295,177.0,0.0
3855.6275,177.0,0.0
3856.626,177.0,0.0
3857.625,177.0,0.0
3858.623,177.0,0.0
3859.622,177.0,0.0
3860.62,177.0,0.0
3861.619,177.0,0.0
3862.6175,177.0,0.0
3863.616,177.0,0.0
3864.615,177.0,0.0
3865.6125,177.0,0.0
3866.611,177.0,0.0
3867.609,177.0,0.0
3868.607,177.0,0.0
3869.607,177.0,0.0
3872.603,177.0,0.0
3873.6015,177.0,0.0
3874.6005,177.0,0.0
3875.599,177.0,0.0
3876.598,177.0,0.0
3877.5965,177.0,0.0
3878.595,177.0,0.0
3879.5935,177.0,0.0
3880.592,177.0,0.0
3881.591,177.0,-1.0020040080159847
3882.589,176.0,0.0
3883.588,176.0,0.0
3884.5865,176.0,0.0
3885.585,176.0,0.0
3886.5835,176.0,0.0
3887.5825,176.0,0.0
3888.5805,176.0,1.0005002501251645
3889.58,177.0,0.0
3890.5775,177.0,0.0
3891.5755,177.0,0.0
3892.5745,177.0,0.0
3893.573,177.0,0.0
3894.5725,177.0,0.0
3895.5695,177.0,0.0
3896.5695,177.0,0.0
3897.568,177.0,0.0
3898.566,177.0,0.0
3899.566,177.0,1.0025062656637582
3900.5635,178.0,0.0
3901.562,178.0,0.0
3902.561,178.0,0.0
3903.5595,178.0,0.0
3904.558,178.0,0.0
3905.5565,178.0,0.0
3907.5535,178.0,0.0
3908.552,178.0,0.0
3909.5505,178.0,0.0
3911.548,178.0,0.0
3912.5465,178.0,0.0
3913.5455,178.0,0.0
3914.5435,178.0,0.0
3915.5415,178.0,0.0
3916.54,178.0,0.0
3917.539,178.0,0.0
3918.5375,178.0,0.0
3919.5375,178.0,0.0
3920.536,178.0,0.0
3921.5345,178.0,0.0
3922.533,178.0,0.0
3923.532,178.0,0.0
3925.529,178.0,0.0
3926.528,178.0,0.0
3927.5265,178.0,0.0
3928.525,178.0,0.0
3929.525,178.0,1.0025062656642152
3930.5225,179.0,0.0
3931.521,179.0,0.0
3932.52,179.0,0.0
3933.5185,179.0,0.0
3934.5175,179.0,0.0
3936.514,179.0,0.0
3937.5125,179.0,1.0005002501247093
3938.512,180.0,0.0
3939.5085,180.0,0.0
3940.507,180.0,0.0
3941.5065,180.0,0.5006257822277984
3943.504,181.0,0.0
3944.5035,181.0,0.0
3945.502,181.0,0.0
3946.499,181.0,0.0
3947.499,181.0,0.0
3948.497,181.0,0.0
3949.4955,181.0,0.0
3950.4945,181.0,0.0
3951.493,181.0,0.0
3952.4925,181.0,0.0
3953.491,181.0,0.0
3954.4895,181.0,0.0
3955.487,181.0,0.0
3956.486,181.0,0.0
3957.485,181.0,0.0
3958.4835,181.0,0.0
3959.4825,181.0,0.0
3961.4795,181.0,0.0
3962.479,181.0,0.0
3963.476,181.0,-1.0020040080159847
3964.474,180.0,0.0
3965.4725,180.0,0.0
3966.471,180.0,0.0
3968.4695,180.0,-1.0015022533803766
3969.468,179.0,0.0
3970.467,179.0,0.0
3972.465,179.0,0.0
3973.463,179.0,0.0
3974.462,179.0,0.0
3975.4605,179.0,0.0
3976.459,179.0,-1.0010010010007495
3977.458,178.0,0.0
3979.455,178.0,0.0
3980.454,178.0,0.0
3981.4525,178.0,0.0
3983.4505,178.0,0.0
3984.449,178.0,0.0
3985.447,178.0,0.0
3987.444,178.0,0.0
3988.442,178.0,0.0
3989.4415,178.0,0.0
3990.4395,178.0,0.0
3992.4375,178.0,0.0
3993.436,178.0,0.0
3994.436,178.0,0.0
3995.4335,178.0,0.0
3997.431,178.0,0.0
3998.429,178.0,0.0
4000.427,178.0,0.0
4001.4255,178.0,0.0
4002.424,178.0,0.0
4003.4235,178.0,0.0
4004.4215,178.0,-1.0010010010007495
4005.4205,177.0,0.0
4006.418,177.0,0.0
4008.4155,177.0,0.0
4009.4135,177.0,0.0
4010.4135,177.0,0.0
4011.411,177.0,-1.0015022533799205
4012.4095,176.0,0.0
4014.406,176.0,0.0
4015.4045,176.0,0.0
4016.4035,176.0,0.0
4018.4015,176.0,0.0
4019.4,176.0,1.0015022533803766
4020.3985,177.0,0.0
4021.396,177.0,0.0
4022.3955,177.0,0.0
4023.3945,177.0,0.0
4024.392,177.0,0.0
4025.3905,177.0,0.0
4026.389,177.0,0.0
4027.388,177.0,0.0
4028.387,177.0,0.0
4030.384,177.0,0.0
4032.381,177.0,0.0
4033.38,177.0,0.0
4034.3785,177.0,0.0
4035.3765,177.0,0.0
4036.3755,177.0,0.0
4037.373,177.0,0.0
4038.371,177.0,1.0005002501251645
4039.3705,178.0,0.0
4040.3695,178.0,0.0
4041.368,178.0,0.0
4042.367,178.0,0.0
4044.3645,178.0,0.0
4045.363,178.0,0.0
4046.3615,178.0,0.0
4047.36,178.0,0.0
4049.357,178.0,0.0
4050.356,178.0,0.0
4051.3535,178.0,0.0
4053.352,178.0,0.0
4054.35,178.0,0.0
4055.349,178.0,0.0
4056.348,178.0,0.0
4057.346,178.0,0.0
4058.345,178.0,0.0
4059.3435,178.0,0.0
4060.3425,178.0,0.0
4061.3405,178.0,0.0
4062.3385,178.0,0.0
4064.3365,178.0,0.0
4065.3345,178.0,0.0
4067.332,178.0,0.0
4068.331,178.0,0.0
4069.3295,178.0,0.0
4070.3285,178.0,0.0
4071.3275,178.0,0.0
4072.3255,178.0,0.0
4073.3245,178.0,-1.0015022533803766
4074.323,177.0,0.0
4075.3215,177.0,0.0
4076.32,177.0,0.0
4077.318,177.0,0.0
4078.317,177.0,0.0
4079.316,177.0,0.0
4080.3135,177.0,0.0
4081.312,177.0,0.0
4084.3085,177.0,0.0
4085.307,177.0,0.0
4086.3045,177.0,0.5007511266900743
4088.3015,178.0,0.0
4089.3,178.0,0.0
4090.2995,178.0,0.0
4091.298,178.0,0.0
4092.297,178.0,0.0
4093.2955,178.0,0.0
4094.295,178.0,0.0
4095.293,178.0,0.0
4096.291,178.0,0.0
4097.29,178.0,0.0
4099.2875,178.0,0.0
4101.284,178.0,0.0
4102.2825,178.0,0.0
4103.281,178.0,0.0
4104.28,178.0,0.0
4105.2785,178.0,0.0
4106.277,178.0,0.0
4107.275,178.0,-1.0015022533794644
4108.2735,177.0,0.0
4109.273,177.0,0.0
4110.271,177.0,0.0
4111.2685,177.0,0.0
4112.2675,177.0,0.0
4113.266,177.0,0.0
4114.2645,177.0,0.0
4115.2635,177.0,0.0
4116.2625,177.0,-0.5008765339343358
4118.259,176.0,0.0
4119.258,176.0,0.0
4120.2565,176.0,0.0
4121.255,176.0,0.0
4122.2535,176.0,0.0
4123.252,176.0,0.5006257822279124
4125.2495,177.0,0.0
4126.2475,177.0,0.0
4127.2465,177.0,0.0
4128.245,177.0,0.0
4130.258,177.0,0.5047955577991508
4132.239,178.0,0.0
4133.2375,178.0,0.0
4135.234,178.0,0.0
4136.2325,178.0,0.0
4137.2315,178.0,0.0
4138.23,178.0,0.0
4139.2295,178.0,0.0
4140.228,178.0,0.0
4141.2265,178.0,0.0
4142.225,178.0,0.0
4143.2235,178.0,0.0
4144.222,178.0,0.0
4145.221,178.0,0.0
4146.219,178.0,0.0
4147.2175,178.0,0.0
4148.216,178.0,0.0
4149.2145,178.0,0.0
4150.213,178.0,0.0
4152.21,178.0,0.0
4153.2085,178.0,0.0
4154.2075,178.0,0.0
4155.2055,178.0,0.0
4156.204,178.0,0.0
4157.2025,178.0,0.0
4158.201,178.0,0.0
4159.1995,178.0,0.0
4160.1985,178.0,0.0
4161.196,178.0,0.0
4162.1945,178.0,0.0
4163.193,178.0,0.0
4164.193,178.0,0.0
4166.1895,178.0,0.0
4167.1885,178.0,0.0
4169.1855,178.0,0.0
4170.184,178.0,0.0
4171.183,178.0,0.0
4172.181,178.0,0.5007511266899602
4174.178,179.0,0.0
4175.1765,179.0,0.0
4177.1735,179.0,0.0
4178.172,179.0,0.0
4179.171,179.0,0.0
4180.169,179.0,0.0
4181.1675,179.0,0.0
4182.1655,179.0,0.0
4183.1645,179.0,0.0
4184.165,179.0,0.0
4186.159,179.0,0.0
4187.159,179.0,0.0
4188.159,179.0,0.0
4189.1575,179.0,0.0
4190.1555,179.0,0.0
4191.156,179.0,-0.5011275369581577
4193.1515,178.0,0.0
4194.149,178.0,0.0
4195.147,178.0,0.0
4196.146,178.0,0.0
4197.1445,178.0,0.0
4198.143,178.0,0.0
4199.1465,178.0,0.0
4200.14,178.0,0.0
4201.139,178.0,0.0
4202.137,178.0,0.0
4205.1325,178.0,1.0015022533794644
4206.131,179.0,0.0
4207.1305,179.0,0.0
4208.1275,179.0,0.0
4209.1265,179.0,0.0
4210.124,179.0,0.0
4211.1225,179.0,0.0
4212.121,179.0,0.0
4213.1205,179.0,0.0
4215.1175,179.0,0.0
4216.117,179.0,0.0
4217.1145,179.0,0.0
4219.111,179.0,0.0
4220.1095,179.0,0.0
4221.1075,179.0,0.0
4222.106,179.0,0.0
4223.1045,179.0,0.0
4224.1035,179.0,0.0
4225.1015,179.0,0.0
4226.1,179.0,0.0
4227.0985,179.0,0.0
4228.0965,179.0,0.0
4229.0955,179.0,0.0
4230.0945,179.0,0.0
4231.092,179.0,0.0
4232.0905,179.0,0.0
4233.0875,179.0,1.0015022533794644
4234.086,180.0,0.0
4235.084,180.0,0.0
4236.0825,180.0,0.0
4237.0815,180.0,0.0
4238.0825,180.0,0.0
4239.0785,180.0,0.0
4240.078,180.0,-1.0030090270818586
4241.075,179.0,0.0
4242.074,179.0,0.0
4243.072,179.0,0.0
4244.0715,179.0,0.0
4245.0685,179.0,0.0
4246.07,179.0,0.0
4247.0655,179.0,0.0
4249.0625,179.0,0.0
4250.0615,179.0,0.0
4252.0585,179.0,0.0
4253.056,179.0,0.0
4254.0545,179.0,0.0
4255.053,179.0,0.0
4256.0525,179.0,0.0
4257.05,179.0,0.0
4258.0475,179.0,0.0
4259.0465,179.0,0.0
4260.044,179.0,0.0
4261.044,179.0,0.0
4263.041,179.0,0.0
4264.0395,179.0,0.0
4265.0375,179.0,0.0
4266.036,179.0,0.0
4268.0325,179.0,0.0
4269.031,179.0,0.0
4270.029,179.0,0.0
4271.0275,179.0,0.0
4272.026,179.0,0.0
4273.0245,179.0,0.0
4274.024,179.0,0.0
4275.022,179.0,0.0
4276.0205,179.0,0.0
4277.0185,179.0,0.0
4279.016,179.0,1.0015022533794644
4280.0145,180.0,0.0
4281.0135,180.0,0.0
4282.0105,180.0,0.0
4283.009,180.0,0.0
4284.0075,180.0,0.0
4285.006,180.0,0.0
4286.0055,180.0,0.0
4288.0025,180.0,0.0
4289.001,180.0,0.0
4289.9995,180.0,-0.25040691123071895
4293.993,179.0,0.0
4294.9925,179.0,0.0
4296.9885,179.0,0.0
4298.9855,179.0,0.0
4299.9855,179.0,0.0
4300.9815,179.0,0.0
4301.9805,179.0,0.0
4302.9785,179.0,0.0
4303.977,179.0,0.0
4304.9755,179.0,0.0
4305.9735,179.0,0.0
4306.972,179.0,0.0
4307.97,179.0,0.0
4309.968,179.0,0.0
4311.964,179.0,0.0
4312.962,179.0,-1.0015022533803766
4313.9605,178.0,0.0
4314.959,178.0,0.0
4315.9575,178.0,0.0
4317.9545,178.0,0.0
4318.9545,178.0,0.0
4320.9495,178.0,-1.002004008015528
4321.9475,177.0,0.0
4322.946,177.0,0.0
4323.9445,177.0,0.0
4324.9425,177.0,0.0
4325.941,177.0,0.0
4326.9395,177.0,0.0
4328.936,177.0,0.0
4329.9345,177.0,0.0
4330.932,177.0,0.0
4331.9305,177.0,-0.5010020040082206
4333.9265,176.0,0.0
4334.9265,176.0,0.0
4335.9255,176.0,0.0
4336.924,176.0,0.0
4337.9225,176.0,0.0
4338.9205,176.0,0.0
4339.919,176.0,0.0
4340.9175,176.0,0.0
4341.9155,176.0,0.0
4342.9145,176.0,1.0015022533803766
4343.913,177.0,0.0
4344.911,177.0,0.0
4345.9095,177.0,0.0
4346.9075,177.0,0.0
4347.906,177.0,0.0
4349.903,177.0,0.0
4350.9015,177.0,1.002004008015528
4351.8995,178.0,0.0
4352.8985,178.0,0.0
4353.897,178.0,0.0
4354.895,178.0,0.0
4355.8925,178.0,0.0
4356.891,178.0,0.0
4357.89,178.0,1.0025062656646724
4358.8875,179.0,0.0
4360.886,179.0,0.0
4361.884,179.0,0.0
4362.8825,179.0,0.0
4363.8805,179.0,0.33383408446002416
4366.876,180.0,0.0
4367.8745,180.0,0.0
4368.872,180.0,0.0
4369.871,180.0,0.0
4370.8695,180.0,0.0
4371.8675,180.0,0.0
4372.866,180.0,0.0
4373.8645,180.0,0.0
4374.8625,180.0,0.0
4375.861,180.0,0.0
4376.8585,180.0,0.0
4378.857,180.0,0.0
4379.853,180.0,0.0
4380.8515,180.0,0.0
4382.848,180.0,0.0
4383.8475,180.0,0.0
4384.846,180.0,0.0
4385.844,180.0,0.0
4386.842,180.0,0.0
4387.8405,180.0,0.0
4388.839,180.0,0.0
4389.837,180.0,0.0
4390.8355,180.0,0.0
4391.834,180.0,0.0
4392.832,180.0,0.0
4393.8305,180.0,0.0
4394.8285,180.0,-1.0015022533794644
4395.827,179.0,0.0
4396.8255,179.0,0.0
4397.8235,179.0,0.0
4399.8205,179.0,0.0
4400.8185,179.0,0.0
4401.817,179.0,0.0
4402.8155,179.0,0.0
4403.8135,179.0,0.0
4404.811,179.0,-1.002004008015528
4405.809,178.0,0.0
4406.8075,178.0,0.0
4407.8065,178.0,0.0
4408.805,178.0,0.0
4409.804,178.0,0.0
4410.8015,178.0,0.0
4411.8,178.0,0.0
4413.797,178.0,0.0
4415.793,178.0,1.002004008015528
4416.791,179.0,0.0
4417.789,179.0,0.0
4418.7875,179.0,0.0
4419.786,179.0,0.0
4420.7835,179.0,0.0
4421.782,179.0,0.0
4422.7805,179.0,0.0
4423.7785,179.0,0.0
4424.7765,179.0,0.0
4425.7745,179.0,0.0
4426.773,179.0,0.0
4427.7715,179.0,0.0
4428.7695,179.0,0.0
4429.767,179.0,0.0
4431.7635,179.0,0.0
4432.763,179.0,0.0
4434.76,179.0,0.0
4435.758,179.0,-1.002004008015528
4436.756,178.0,1.0015022533803766
4437.7545,179.0,-1.0
4438.7545,178.0,0.0
4439.751,178.0,0.0
4440.7495,178.0,0.0
4441.748,178.0,0.0
4443.7445,178.0,0.0
4444.7425,178.0,0.0
4445.741,178.0,0.0
4446.74,178.0,0.0
4447.738,178.0,0.0
4449.734,178.0,0.0
4451.731,178.0,0.5011275369581577
4453.7265,179.0,0.0
4454.725,179.0,0.0
4455.7235,179.0,0.0
4456.722,179.0,0.0
4457.7215,179.0,0.0
4459.7175,179.0,-1.002004008015528
4460.7155,178.0,0.0
4461.714,178.0,0.0
4464.7095,178.0,0.0
4465.7075,178.0,0.0
4466.706,178.0,0.0
4467.704,178.0,-1.002004008015528
4468.702,177.0,0.0
4469.7005,177.0,0.0
4470.6985,177.0,0.0
4471.697,177.0,0.0
4472.6945,177.0,0.0
4473.693,177.0,0.0
4474.691,177.0,-1.0015022533794644
4475.6895,176.0,0.0
4476.6875,176.0,0.0
4477.685,176.0,0.0
4478.6835,176.0,0.0
4479.6815,176.0,0.0
4480.6795,176.0,0.0
4481.6785,176.0,0.0
4482.678,176.0,0.0
4485.672,176.0,0.0
4487.669,176.0,0.0
4488.668,176.0,0.0
4490.6645,176.0,0.33388981636061316
4493.6595,177.0,0.0
4494.658,177.0,0.0
4495.656,177.0,0.0
4497.654,177.0,0.0
4498.6525,177.0,0.0
4499.649,177.0,1.0015022533803766
4500.6475,178.0,0.0
4501.6455,178.0,0.0
4502.6425,178.0,0.0
4503.641,178.0,0.0
4504.6395,178.0,0.0
4505.638,178.0,0.0
4506.6365,178.0,0.0
4507.6345,178.0,0.0
4508.6335,178.0,0.0
4510.6295,178.0,0.0
4512.6265,178.0,1.0020040080164412
4513.6245,179.0,0.0
4514.623,179.0,0.0
4515.6215,179.0,0.0
4519.6155,179.0,0.0
4520.613,179.0,0.0
4521.6115,179.0,0.0
4522.61,179.0,0.0
4523.6085,179.0,0.0
4524.6065,179.0,0.0
4527.6005,179.0,0.0
4528.6,179.0,0.0
4531.595,179.0,0.0
4532.593,179.0,0.0
4533.591,179.0,0.0
4534.5895,179.0,0.0
4535.5875,179.0,0.0
4536.586,179.0,0.0
4537.5845,179.0,0.0
4538.583,179.0,0.0
4539.581,179.0,0.0
4540.5795,179.0,0.0
4541.577,179.0,0.0
4543.5745,179.0,0.0
4544.5725,179.0,0.0
4545.571,179.0,0.5008765339343358
4547.5675,180.0,0.0
4548.566,180.0,0.0
4550.5615,180.0,0.0
4551.559,180.0,0.0
4552.5575,180.0,0.0
4553.556,180.0,0.0
4554.554,180.0,0.0
4555.5535,180.0,1.0020040080164412
4556.5515,181.0,0.0
4557.55,181.0,0.0
4558.549,181.0,0.0
4559.547,181.0,0.0
4560.545,181.0,0.0
4562.541,181.0,0.0
4564.5375,181.0,0.0
4565.536,181.0,0.0
4566.534,181.0,0.0
4567.5325,181.0,0.0
4568.53,181.0,0.0
4569.529,181.0,0.0
4570.5275,181.0,0.0
4571.525,181.0,0.0
4572.523,181.0,0.0
4573.5215,181.0,0.0
4575.5175,181.0,0.0
4576.516,181.0,0.0
4577.5145,181.0,0.0
4578.5125,181.0,-0.5003752814609446
4580.511,180.0,0.0
4581.509,180.0,0.0
4582.507,180.0,0.0
4583.506,180.0,0.0
4584.5035,180.0,0.0
4585.5025,180.0,0.0
4586.5,180.0,0.0
4587.498,180.0,0.0
4588.497,180.0,0.0
4589.4945,180.0,0.0
4590.494,180.0,0.0
4591.4905,180.0,0.0
4592.4885,180.0,0.0
4593.4875,180.0,0.0
4594.485,180.0,0.0
4595.483,180.0,0.0
4597.4795,180.0,0.0
4598.4775,180.0,0.0
4599.4755,180.0,0.0
4600.4735,180.0,0.0
4601.472,180.0,0.0
4602.4695,180.0,0.0
4603.4685,180.0,0.0
4604.468,180.0,0.0
4605.4655,180.0,0.0
4606.464,180.0,0.0
4607.4625,180.0,0.0
4608.4605,180.0,0.0
4609.459,180.0,0.0
4610.457,180.0,0.0
4611.4555,180.0,0.0
4613.4515,180.0,0.0
4614.4505,180.0,0.0
4616.4465,180.0,0.0
4617.4445,180.0,0.0
4618.444,180.0,0.0
4619.442,180.0,0.0
4620.4395,180.0,0.0
4621.4385,180.0,0.0
4622.4365,180.0,0.0
4623.4345,180.0,0.0
4624.4325,180.0,0.0
4625.4305,180.0,0.0
4626.4285,180.0,0.0
4627.427,180.0,0.0
4629.424,180.0,0.0
4630.4225,180.0,0.0
4631.4205,180.0,0.0
4632.4195,180.0,0.0
4633.417,180.0,0.0
4634.415,180.0,0.0
4635.4135,180.0,0.0
4636.412,180.0,0.0
4637.4105,180.0,0.0
4638.409,180.0,0.0
4639.4065,180.0,0.0
4640.405,180.0,0.0
4641.4035,180.0,0.0
4642.401,180.0,0.0
4643.3995,180.0,0.0
4644.3975,180.0,0.0
4645.3955,180.0,0.0
4646.394,180.0,0.0
4648.3905,180.0,0.0
4649.3885,180.0,0.0
4650.386,180.0,0.0
4651.385,180.0,0.0
4652.383,180.0,0.0
4653.382,180.0,-1.002004008015528
4654.38,179.0,0.0
4655.378,179.0,0.0
4657.3745,179.0,0.0
4658.373,179.0,0.0
4659.371,179.0,0.0
4660.3705,179.0,0.0
4662.367,179.0,0.0
4663.3655,179.0,-1.0015022533803766
4664.364,178.0,0.0
4665.3625,178.0,0.0
4666.3605,178.0,0.5008765339343358
4668.357,179.0,0.0
4669.3565,179.0,0.0
4670.354,179.0,0.0
4671.3525,179.0,0.0
4673.3485,179.0,0.0
4674.3465,179.0,0.0
4675.345,179.0,0.0
4676.3435,179.0,0.0
4678.343,179.0,0.0
4679.3405,179.0,0.0
4680.3385,179.0,0.0
4681.3375,179.0,0.0
4682.3355,179.0,0.0
4683.334,179.0,0.0
4684.3325,179.0,0.0
4685.3305,179.0,0.0
4687.3275,179.0,0.0
4689.324,179.0,0.0
4690.3225,179.0,0.0
4691.3205,179.0,0.0
4692.3195,179.0,0.0
4695.3145,179.0,0.0
4696.313,179.0,0.0
4697.311,179.0,0.0
4698.3085,179.0,0.0
4699.307,179.0,0.0
4700.3055,179.0,0.0
4701.304,179.0,0.0
4702.3025,179.0,0.0
4703.3015,179.0,0.0
4704.2995,179.0,0.0
4705.2975,179.0,0.0
4706.296,179.0,0.0
4707.2945,179.0,0.0
4708.293,179.0,0.0
4709.2905,179.0,0.0
4711.288,179.0,0.0
4713.283,179.0,0.0
4714.282,179.0,0.0
4715.28,179.0,0.0
4716.278,179.0,1.0015022533803766
4717.2765,180.0,0.0
4718.275,180.0,0.0
4719.273,180.0,0.0
4721.2695,180.0,0.0
4723.265,180.0,0.0
4724.2625,180.0,0.0
4726.26,180.0,0.0
4727.259,180.0,0.0
4728.257,180.0,0.0
4729.254,180.0,0.0
4730.2525,180.0,0.0
4731.2515,180.0,0.0
4732.249,180.0,0.0
4733.2475,180.0,-0.5010020040082206
4735.2435,179.0,0.0
4736.242,179.0,0.0
4737.2405,179.0,0.0
4738.239,179.0,0.0
4739.237,179.0,0.0
4740.235,179.0,0.0
4741.233,179.0,0.0
4742.2325,179.0,0.0
4744.228,179.0,0.0
4745.2265,179.0,0.0
4746.2245,179.0,-0.5010020040079923
4748.2205,178.0,0.0
4749.2185,178.0,0.0
4750.217,178.0,0.0
4751.2165,178.0,0.0
4752.2145,178.0,0.0
4753.2125,178.0,0.0
4754.211,178.0,0.0
4756.208,178.0,0.0
4757.206,178.0,0.0
4758.205,178.0,0.0
4761.1995,178.0,0.0
4762.1975,178.0,0.0
4763.196,178.0,0.0
4764.1945,178.0,0.0
4766.191,178.0,0.0
4767.1895,178.0,0.0
4769.1855,178.0,0.0
4770.184,178.0,0.0
4771.181,178.0,0.0
4772.1795,178.0,0.0
4773.1775,178.0,0.0
4774.1755,178.0,0.0
4776.1725,178.0,0.0
4777.1705,178.0,0.0
4778.1695,178.0,-1.0025062656637582
4779.167,177.0,0.0
4780.165,177.0,0.0
4781.1635,177.0,0.0
4782.1615,177.0,0.0
4783.1595,177.0,0.0
4784.158,177.0,1.0015022533803766
4785.1565,178.0,0.0
4786.154,178.0,0.0
4787.1535,178.0,0.0
4788.1505,178.0,0.0
4789.149,178.0,0.0
4790.1475,178.0,0.0
4792.1435,178.0,0.0
4793.142,178.0,1.0010010010012051
4794.141,179.0,0.0
4796.1365,179.0,0.0
4797.1345,179.0,0.0
4798.137,179.0,0.0
4799.131,179.0,0.0
4801.1275,179.0,0.0
4803.1255,179.0,1.0030090270809435
4804.1225,180.0,0.0
4806.119,180.0,0.0
4807.1175,180.0,0.0
4808.116,180.0,0.0
4809.1135,180.0,0.0
4812.108,180.0,0.0
4813.1065,180.0,0.0
4814.1045,180.0,0.0
4815.1025,180.0,0.0
4816.1005,180.0,0.0
4817.0985,180.0,0.0
4818.097,180.0,0.0
4820.0925,180.0,0.0
4822.0885,180.0,1.0015022533794644
4823.087,181.0,0.0
4824.086,181.0,0.0
4825.084,181.0,0.0
4826.0825,181.0,0.0
4827.0805,181.0,0.0
4828.078,181.0,-1.0020040080164412
4829.076,180.0,0.0
4830.0745,180.0,0.0
4831.0725,180.0,0.0
4832.0705,180.0,0.0
4834.067,180.0,0.0
4835.0655,180.0,-1.0025062656637582
4836.063,179.0,0.0
4837.0615,179.0,0.0
4839.0585,179.0,-0.3340571237682106
4842.052,178.0,0.0
4844.048,178.0,0.0
4845.0455,178.0,0.0
4846.044,178.0,0.0
4847.042,178.0,0.0
4848.041,178.0,0.0
4849.0395,178.0,0.0
4850.0375,178.0,0.0
4852.0335,178.0,0.0
4854.0295,178.0,0.0
4855.0275,178.0,0.0
4857.024,178.0,0.5010020040079923
4859.02,179.0,0.0
4860.018,179.0,0.0
4861.016,179.0,0.0
4862.014,179.0,0.0
4863.012,179.0,0.0
4864.01,179.0,0.0
4865.009,179.0,0.0
4866.0065,179.0,0.0
4867.0045,179.0,0.0
4868.003,179.0,-1.0030090270809435
4869.0,178.0,0.0
4869.998,178.0,0.0
4872.993,178.0,0.0
4873.9915,178.0,0.0
4874.9895,178.0,0.0
4875.9875,178.0,0.0
4876.986,178.0,0.0
4877.984,178.0,0.0
4878.982,178.0,0.0
4879.9805,178.0,0.0
4880.9785,178.0,0.0
4881.9765,178.0,0.0
4882.975,178.0,0.0
4883.973,178.0,0.0
4885.969,178.0,0.0
4888.964,178.0,0.0
4889.962,178.0,0.0
4890.96,178.0,0.0
4891.958,178.0,0.0
4892.956,178.0,-0.5010020040079923
4894.952,177.0,0.0
4895.9505,177.0,0.0
4896.9485,177.0,0.0
4899.9435,177.0,0.0
4900.942,177.0,0.0
4901.94,177.0,0.0
4902.938,177.0,0.0
4904.935,177.0,0.0
4905.933,177.0,-0.5007511266899602
4907.93,176.0,0.0
4908.9275,176.0,0.0
4910.9245,176.0,0.0
4911.9215,176.0,0.0
4912.92,176.0,0.0
4913.9185,176.0,0.0
4914.9165,176.0,0.0
4915.9155,176.0,0.5010020040079923
4917.9115,177.0,0.0
4919.9065,177.0,0.0
4920.905,177.0,0.0
4921.9045,177.0,0.0
4922.9025,177.0,0.0
4923.9005,177.0,0.0
4924.8985,177.0,0.0
4925.8965,177.0,0.0
4926.895,177.0,0.0
4927.893,177.0,0.0
4928.891,177.0,1.002004008015528
4929.889,178.0,0.0
4930.8875,178.0,0.0
4931.886,178.0,0.0
4932.8835,178.0,0.0
4935.878,178.0,0.0
4936.8765,178.0,0.0
4937.8745,178.0,0.0
4938.8725,178.0,0.0
4939.8705,178.0,0.0
4940.8685,178.0,0.0
4941.8665,178.0,0.0
4942.864,178.0,0.0
4943.8625,178.0,0.5010020040079923
4945.8585,179.0,0.0
4946.8575,179.0,0.0
4948.8535,179.0,0.0
4949.8515,179.0,0.0
4951.8475,179.0,0.5010020040079923
4953.8435,180.0,0.0
4954.842,180.0,0.0
4955.84,180.0,0.0
4957.836,180.0,0.0
4958.8345,180.0,0.0
4959.8325,180.0,0.0
4960.8305,180.0,0.0
4961.8285,180.0,0.0
4962.8265,180.0,0.0
4963.8235,180.0,0.0
4965.8225,180.0,0.0
4966.82,180.0,0.0
4967.818,180.0,0.0
4968.8165,180.0,0.0
4969.815,180.0,1.0025062656637582
4970.8125,181.0,-0.9985022466297503
4971.814,180.0,0.0
4972.811,180.0,1.0030090270809435
4973.808,181.0,0.0
4974.8065,181.0,0.0
4975.8055,181.0,0.0
4976.804,181.0,-1.0010010010012051
4977.803,180.0,0.0
4978.8005,180.0,0.0
4979.7995,180.0,0.0
4980.797,180.0,0.0
4981.796,180.0,0.0
4982.794,180.0,0.0
4983.792,180.0,0.0
4984.7905,180.0,0.0
4985.789,180.0,0.0
4986.787,180.0,0.0
4988.784,180.0,0.0
4989.782,180.0,0.0
4990.78,180.0,0.0
4991.7775,180.0,0.0
4992.7755,180.0,0.0
4993.774,180.0,0.0
4994.7725,180.0,0.0
4995.771,180.0,0.0
4996.769,180.0,-0.5008765339343358
4998.7655,179.0,0.0
4999.762,179.0,0.0
5000.762,179.0,0.0
5001.7595,179.0,0.0
5002.758,179.0,0.0
5003.756,179.0,0.0
5004.754,179.0,0.0
5005.752,179.0,0.0
5006.7495,179.0,0.0
5007.748,179.0,0.0
5008.747,179.0,0.0
5009.7445,179.0,0.0
5010.7425,179.0,0.0
5011.74,179.0,0.0
5012.739,179.0,0.0
5014.7355,179.0,0.0
5016.73,179.0,0.0
5017.7285,179.0,0.0
5018.7265,179.0,0.0
5019.7255,179.0,0.0
5020.724,179.0,0.0
5021.7215,179.0,0.0
5022.72,179.0,0.0
5023.7175,179.0,0.0
5024.7155,179.0,0.0
5025.7135,179.0,0.0
5026.7125,179.0,0.0
5027.7095,179.0,0.0
5028.7085,179.0,0.0
5030.704,179.0,0.0
5031.7015,179.0,0.0
5032.7,179.0,0.0
5034.6955,179.0,0.0
5035.694,179.0,0.0
5036.692,179.0,0.0
5037.691,179.0,0.0
5038.688,179.0,0.0
5039.686,179.0,-1.0025062656637582
5040.6835,178.0,0.0
5041.6815,178.0,0.0
5042.6795,178.0,0.0
5043.678,178.0,0.0
5044.6765,178.0,0.0
5047.6705,178.0,0.0
5048.6685,178.0,0.0
5050.665,178.0,0.0
5051.6625,178.0,0.0
5052.6605,178.0,0.0
5054.6575,178.0,0.0
5055.655,178.0,0.0
5056.6535,178.0,0.0
5057.6515,178.0,0.0
5058.6495,178.0,0.0
5059.648,178.0,0.0
5060.645,178.0,0.0
5061.644,178.0,0.0
5062.642,178.0,0.0
5063.641,178.0,0.0
5064.638,178.0,0.0
5065.636,178.0,0.0
5066.634,178.0,0.0
5067.632,178.0,0.0
5068.6315,178.0,0.0
5069.6295,178.0,0.0
5070.6275,178.0,0.0
5072.6245,178.0,0.0
5073.6215,178.0,0.0
5074.6195,178.0,0.0
5075.6185,178.0,0.0
5076.616,178.0,0.0
5077.614,178.0,0.0
5078.612,178.0,0.0
5079.61,178.0,0.0
5081.6075,178.0,0.0
5082.6045,178.0,0.0
5083.6025,178.0,0.0
5084.6015,178.0,0.0
5085.599,178.0,0.0
5086.597,178.0,0.0
5087.596,178.0,0.0
5088.593,178.0,0.0
5089.5905,178.0,1.0020040080164412
5090.5885,179.0,0.0
5091.588,179.0,0.0
5093.584,179.0,0.0
5094.582,179.0,0.0
5095.58,179.0,0.0
5096.5785,179.0,1.0010010010002939
5097.5775,180.0,0.0
5098.575,180.0,0.0
5099.573,180.0,0.0
5100.571,180.0,0.5007511266899602
5102.568,181.0,0.0
5103.566,181.0,0.0
5104.5645,181.0,0.0
5105.5635,181.0,1.0030090270818586
5106.5605,182.0,0.0
5107.5595,182.0,0.0
5109.5555,182.0,0.0
5110.554,182.0,0.0
5111.552,182.0,0.0
5112.55,182.0,-0.5011275369581577
5114.5455,181.0,0.0
5115.5435,181.0,0.0
5116.5415,181.0,0.0
5117.5405,181.0,0.0
5118.539,181.0,0.0
5119.537,181.0,-1.0025062656646724
5120.5345,180.0,0.0
5121.5335,180.0,0.0
5122.5315,180.0,0.0
5123.531,180.0,0.5012531328321076
5125.526,181.0,0.0
5126.5235,181.0,0.0
5129.5185,181.0,0.0
5130.5165,181.0,0.0
5131.5145,181.0,0.0
5132.5115,181.0,-1.0015022533794644
5133.51,180.0,0.0
5134.508,180.0,0.0
5135.5055,180.0,0.0
5136.503,180.0,0.0
5137.502,180.0,0.0
5138.499,180.0,-0.5010020040079923
5140.495,179.0,0.0
5141.493,179.0,0.0
5142.4915,179.0,-1.0020040080164412
5143.4895,178.0,0.0
5144.4875,178.0,0.5010020040079923
5146.4835,179.0,0.0
5147.4815,179.0,0.0
5148.479,179.0,0.0
5149.4775,179.0,0.0
5150.476,179.0,0.0
