altitude(m),velocity(m/s),Time(ms)
165.0,0.0,-2335424.5
165.0,0.9990009990010014,-2334429.5
166.0,0.0,-2333428.5
166.0,0.0,-2332432.5
166.0,0.0,-2331431.0
166.0,0.0,-2327435.5
166.0,0.0,-2326439.0
166.0,0.0,-2325437.0
166.0,0.9960159362549824,-2324440.5
167.0,0.0,-2323436.5
167.0,0.0,-2322442.0
167.0,0.0,-2321440.0
167.0,0.0,-2320444.5
167.0,0.5013787916771115,-2319442.5
168.0,0.0,-2317448.0
168.0,0.0,-2316449.0
168.0,0.0,-2315451.0
168.0,0.0,-2314450.5
168.0,0.0,-2311455.0
168.0,0.0,-2309457.0
168.0,0.0,-2308458.5
168.0,0.99950024987506,-2307459.5
169.0,0.0,-2306459.0
169.0,0.0,-2305459.5
169.0,1.0010010010009915,-2304462.5
170.0,0.0,-2303463.5
170.0,0.0,-2301465.5
170.0,0.0,-2300466.5
170.0,0.0,-2299467.5
170.0,1.001502253380063,-2298468.5
171.0,0.0,-2297470.0
171.0,0.0,-2296471.0
171.0,0.0,-2293474.5
171.0,0.0,-2292475.5
171.0,0.0,-2291477.0
171.0,0.0,-2290477.5
171.0,0.0,-2288480.0
171.0,0.0,-2287481.0
171.0,-1.0005002501250648,-2286482.0
170.0,0.0,-2285482.5
170.0,0.0,-2284484.0
170.0,0.0,-2283484.5
170.0,0.0,-2282486.5
170.0,0.058896283644502,-2281487.5
172.0,0.9990009990009944,-2247529.5
173.0,0.0,-2246528.5
173.0,0.0,-2244532.0
173.0,0.0,-2243533.0
173.0,0.0,-2242534.0
173.0,0.0,-2241536.0
173.0,0.0,-2240536.5
173.0,0.0,-2239536.5
173.0,0.0,-2238538.5
173.0,0.0,-2237540.0
173.0,0.0,-2236541.0
173.0,0.0,-2235542.5
173.0,0.0,-2234544.0
173.0,0.0,-2233543.5
173.0,0.0,-2232545.5
173.0,0.0,-2231547.5
173.0,0.0,-2229549.5
173.0,0.0,-2228551.0
173.0,0.0,-2227551.0
173.0,0.0,-2226552.5
173.0,0.0,-2225553.5
173.0,0.0,-2223556.5
173.0,0.0,-2222558.5
173.0,0.0,-2221559.0
173.0,0.0,-2220559.5
173.0,0.0,-2219561.5
173.0,0.0,-2218562.5
173.0,0.0,-2214568.0
173.0,-1.001502253380063,-2209573.5
172.0,0.0,-2208575.0
172.0,0.0,-2207576.5
172.0,0.0,-2206578.5
172.0,0.0,-2205579.0
172.0,0.0,-2204580.0
172.0,0.0,-2203581.5
172.0,0.0,-2201583.5
172.0,0.0,-2199586.0
172.0,0.0,-2198587.0
172.0,-1.001001001000977,-2197588.5
171.0,0.0,-2196589.5
171.0,0.0,-2195591.0
171.0,1.980198019801998,-2194592.5
173.0,-1.0126582278480896,-2193582.5
172.0,0.0,-2192595.0
172.0,-1.0070493454179306,-2191590.5
171.0,0.0,-2190597.5
171.0,-1.0065425264217296,-2189593.5
170.0,0.0,-2188600.0
170.0,0.0,-2187596.0
170.0,-0.9965122072745366,-2186603.0
169.0,-0.5007511266900315,-2185599.5
168.0,0.0,-2183602.5
168.0,0.0,-2182608.5
168.0,-1.0055304172951354,-2179608.5
167.0,0.0,-2178614.0
167.0,0.0,-2177610.0
167.0,0.0,-2176617.5
167.0,0.0,-2175614.0
167.0,0.0,-2174620.5
167.0,-1.001502253380063,-2173621.5
166.0,0.0,-2172623.0
166.0,0.0,-2171624.0
166.0,0.0,-2170625.5
166.0,0.0,-2169626.5
166.0,0.0,-2168628.0
166.0,0.0,-2167629.0
166.0,0.0,-2166630.5
166.0,0.0,-2165632.0
166.0,0.0,-2164633.0
166.0,0.0,-2163634.5
166.0,0.0,-2162636.0
166.0,0.0,-2161637.0
166.0,0.0,-2160639.0
166.0,0.0,-2159640.0
166.0,0.0,-2158640.5
166.0,0.0,-2157642.5
166.0,0.0,-2155645.0
166.0,-1.0015022533800917,-2154646.0
165.0,0.0,-2153647.5
165.0,1.0030090270812582,-2152647.0
166.0,2.003004506760126,-2151650.0
168.0,0.0,-2150651.5
168.0,1.001502253380063,-2148652.5
169.0,-0.5005005005005029,-2147654.0
168.0,-1.0005002501250506,-2145656.0
167.0,0.0,-2144656.5
167.0,0.0,-2142660.0
167.0,0.0,-2141663.0
167.0,0.0,-2140659.5
167.0,0.0,-2138662.0
167.0,1.0020040080160415,-2137662.5
168.0,0.0,-2136664.5
168.0,-2.0110608345902707,-2135666.0
166.0,0.0,-2134671.5
166.0,0.0,-2133674.0
166.0,0.0,-2132675.5
166.0,1.002506265664158,-2131675.5
167.0,0.0,-2130678.0
167.0,-1.9980019980020447,-2129678.5
165.0,0.0,-2128677.5
165.0,0.0,-2127681.5
165.0,0.0,-2126680.5
165.0,0.0,-2125682.0
165.0,0.0,-2124683.0
165.0,1.0010010010010058,-2123684.5
166.0,1.0015022533800917,-2122685.5
167.0,0.0,-2121687.0
167.0,0.0,-2120689.0
167.0,0.3337783711615445,-2119689.0
168.0,1.0010010010010342,-2116693.0
169.0,0.0,-2115694.0
169.0,0.0,-2113697.0
169.0,0.0,-2112698.0
169.0,1.001001001000977,-2111699.5
170.0,0.0,-2110700.5
170.0,0.0,-2109701.5
170.0,-1.0,-2108703.5
169.0,0.0,-2107703.5
169.0,0.0,-2106705.0
169.0,0.0,-2105705.5
169.0,0.0,-2104705.5
169.0,0.0,-2103708.0
169.0,0.0,-2102708.5
169.0,-1.0005002501251077,-2101710.0
168.0,0.0,-2100710.5
168.0,-0.5006257822277842,-2099712.5
167.0,0.0,-2097715.0
167.0,0.0,-2096716.5
167.0,1.0015022533800917,-2095717.0
168.0,0.0,-2094718.5
168.0,0.0,-2093720.5
168.0,0.0,-2092721.0
168.0,0.0,-2091722.0
168.0,0.0,-2090723.5
168.0,0.0,-2089723.5
168.0,0.0,-2088725.5
168.0,0.5007511266900315,-2087726.5
169.0,0.0,-2085729.5
169.0,1.0020040080160415,-2084731.0
170.0,0.0,-2083733.0
170.0,1.0005002501250506,-2081735.5
171.0,0.0,-2080736.0
171.0,0.0,-2079737.0
171.0,0.0,-2078737.5
171.0,0.0,-2076740.0
171.0,0.0,-2075741.0
171.0,0.0,-2074743.0
171.0,0.0,-2073744.0
171.0,0.0,-2072745.0
171.0,-1.001001001000977,-2071746.5
170.0,0.0,-2070747.5
170.0,1.0015022533800917,-2069748.5
171.0,0.0,-2068750.0
171.0,0.0,-2067751.0
171.0,0.0,-2066752.5
171.0,0.0,-2065754.5
171.0,0.0,-2064754.0
171.0,0.0,-2062757.0
171.0,0.0,-2061758.0
171.0,0.0,-2060759.5
171.0,0.0,-2059760.5
171.0,0.5005005005005029,-2058762.5
172.0,-1.001001001000977,-2056764.5
171.0,1.0010010010010342,-2055765.5
172.0,-1.0005002501250506,-2054766.5
171.0,0.0,-2053767.0
171.0,0.0,-2052769.0
171.0,1.001001001000977,-2051770.5
172.0,0.0,-2050771.5
172.0,0.0,-2049772.0
172.0,0.0,-2048774.0
172.0,0.0,-2047775.5
172.0,0.0,-2046776.0
172.0,0.0,-2045777.5
172.0,-1.0,-2044779.5
171.0,1.0030090270812868,-2043779.5
172.0,0.0,-2042782.5
172.0,0.0,-2041783.5
172.0,0.0,-2040784.5
172.0,0.0,-2039786.0
172.0,0.0,-2038786.5
172.0,0.0,-2037788.0
172.0,0.0,-2036789.5
172.0,0.0,-2035792.0
172.0,-1.001001001000977,-2034793.0
171.0,0.0,-2033794.0
171.0,0.0,-2032794.5
171.0,0.0,-2031795.5
171.0,0.0,-2030797.5
171.0,0.0,-2029796.5
171.0,0.0,-2028798.0
171.0,0.0,-2027800.5
171.0,0.0,-2026800.5
171.0,-1.0015022533800917,-2020808.0
170.0,0.0,-2019809.5
170.0,0.0,-2018810.5
170.0,-1.0020040080160415,-2014815.0
169.0,0.0,-2013817.0
169.0,0.0,-2012818.0
169.0,0.0,-2011819.0
169.0,0.0,-2010821.5
169.0,-1.0005002501250506,-2008824.0
168.0,0.0,-2007824.5
168.0,0.0,-2006825.5
168.0,-1.001001001000977,-2005826.5
167.0,0.0,-2004827.5
167.0,0.0,-2003829.5
167.0,0.0,-2002830.5
167.0,0.0,-2001831.5
167.0,0.0,-2000832.5
167.0,0.0,-1999834.0
167.0,0.0,-1998836.5
167.0,0.0,-1995839.5
167.0,0.0,-1994841.5
167.0,0.0,-1993842.5
167.0,0.0,-1992843.5
167.0,0.0,-1991844.5
167.0,0.0,-1990846.0
167.0,0.0,-1989847.0
167.0,0.0,-1988848.0
167.0,0.0,-1987850.0
167.0,0.0,-1986852.0
167.0,0.0,-1985852.5
167.0,0.0,-1984854.5
167.0,0.0,-1983855.5
167.0,0.0,-1981855.5
167.0,0.0,-1980859.0
167.0,0.0,-1979861.0
167.0,0.0,-1978862.0
167.0,0.5006257822277842,-1977864.0
168.0,0.0,-1975866.5
168.0,0.0,-1974867.5
168.0,1.0020040080160415,-1973869.0
169.0,0.0,-1972871.0
169.0,0.0,-1971871.0
169.0,0.0,-1970872.5
169.0,0.0,-1969873.5
169.0,0.0,-1968875.5
169.0,0.0,-1967876.5
169.0,1.0015022533800917,-1966878.0
170.0,0.0,-1965879.5
170.0,0.0,-1964881.0
170.0,0.0,-1963883.0
170.0,0.0,-1962885.0
170.0,0.0,-1961886.0
170.0,0.0,-1960887.0
170.0,0.0,-1959889.5
170.0,0.0,-1958890.0
170.0,0.0,-1957891.0
170.0,0.0,-1955893.5
170.0,-0.0883704489218805,-1953897.0
167.0,0.0,-1919949.0
167.0,0.0,-1917951.5
167.0,0.0,-1914955.0
167.0,0.0,-1912958.5
167.0,0.0,-1910961.0
167.0,0.0,-1909961.5
167.0,0.0,-1908962.5
167.0,0.0,-1906966.0
167.0,0.0,-1905967.5
167.0,0.0,-1904969.5
167.0,0.0,-1902971.5
167.0,0.0,-1901973.0
167.0,-1.0015022533800917,-1900974.5
166.0,0.0,-1899976.0
166.0,0.0,-1898977.0
166.0,0.0,-1897977.5
166.0,0.0,-1896980.5
166.0,0.0,-1894983.0
166.0,0.0,-1892986.0
166.0,0.0,-1891987.5
166.0,0.0,-1890988.5
166.0,0.0,-1889990.5
166.0,0.0,-1885996.0
166.0,0.0,-1884997.0
166.0,0.1112656467315714,-1883999.0
167.0,0.0,-1875011.5
167.0,1.0015022533800917,-1874013.0
168.0,0.0,-1873014.5
168.0,0.0,-1872016.5
168.0,0.0,-1871018.0
168.0,0.0,-1870019.5
168.0,1.001001001000977,-1869021.5
169.0,0.0,-1868022.5
169.0,0.0,-1865027.0
169.0,0.0,-1864029.5
169.0,0.0,-1863031.0
169.0,1.0015022533800346,-1862032.0
170.0,0.0,-1861033.5
170.0,0.0,-1860034.5
170.0,-1.0015022533801483,-1859036.0
169.0,0.0,-1858037.5
169.0,0.0,-1857039.5
169.0,0.0,-1855042.0
169.0,0.0,-1854043.5
169.0,0.0,-1853045.0
169.0,0.0,-1852046.5
169.0,0.0,-1851048.0
169.0,0.0,-1850049.5
169.0,-1.0010010010010912,-1849050.5
168.0,0.0,-1848051.5
168.0,0.0,-1847054.5
168.0,0.0,-1846055.0
168.0,0.0,-1845056.5
168.0,0.0,-1844058.0
168.0,-0.5006257822277984,-1843059.5
167.0,0.0,-1841062.0
167.0,0.0,-1840064.0
167.0,0.0,-1839065.5
167.0,0.0,-1838067.0
167.0,0.0,-1836069.0
167.0,0.0,-1835069.5
167.0,-1.0015022533800346,-1834071.5
166.0,0.0,-1833073.0
166.0,0.0,-1832074.0
166.0,0.0,-1831075.5
166.0,1.0015022533800346,-1830077.0
167.0,-1.0010010010010912,-1829078.5
166.0,0.0,-1828079.5
166.0,0.0,-1827081.0
166.0,0.0,-1826082.5
166.0,0.0,-1825083.5
166.0,0.0286139407119148,-1823087.0
167.0,-0.3336670003336717,-1788139.0
166.0,0.0,-1785142.0
166.0,0.0,-1784143.5
166.0,0.0,-1783144.0
166.0,0.0,-1782146.0
166.0,0.0,-1780148.5
166.0,0.5007511266900457,-1779150.0
167.0,0.0,-1777153.0
167.0,0.0,-1776154.5
167.0,0.0,-1774157.5
167.0,0.0,-1773158.5
167.0,0.0,-1772160.0
167.0,0.0,-1771162.0
167.0,0.0,-1770163.0
167.0,0.0,-1769165.0
167.0,0.0,-1768166.5
167.0,0.0,-1767168.0
167.0,0.0,-1766169.5
167.0,1.0020040080160988,-1765170.0
168.0,0.0,-1764172.0
168.0,-1.0015022533800346,-1763172.5
167.0,0.0,-1762174.0
167.0,0.0,-1761174.0
167.0,0.0,-1760176.5
167.0,0.0,-1759177.5
167.0,0.0883574352781784,-1757180.5
170.0,0.0,-1723227.5
170.0,0.0,-1722228.5
170.0,0.0,-1721230.5
170.0,0.5008765339343929,-1720231.5
171.0,0.0,-1718235.0
171.0,1.0015022533800346,-1717236.0
172.0,0.0,-1716237.5
172.0,0.0,-1714240.0
172.0,0.0,-1713241.5
172.0,0.5007511266900457,-1712242.5
173.0,-1.0005002501250506,-1710245.5
172.0,0.0,-1709246.0
172.0,-1.002506265664101,-1708248.0
171.0,0.0,-1707250.5
171.0,0.0,-1706251.0
171.0,-1.0015022533800346,-1705252.5
170.0,1.0020040080159849,-1704254.0
171.0,0.0,-1703256.0
171.0,0.0,-1702256.0
171.0,0.0,-1701258.0
171.0,0.0,-1700258.5
171.0,0.0,-1699261.0
171.0,0.0,-1697262.5
171.0,0.0,-1696265.0
171.0,0.0,-1695267.0
171.0,0.0,-1694267.5
171.0,-1.0020040080159849,-1693269.0
170.0,0.0,-1692271.0
170.0,0.0,-1691273.5
170.0,0.0,-1690274.5
170.0,0.0,-1689274.0
170.0,0.0,-1688276.5
170.0,0.0,-1687277.0
170.0,0.0,-1686278.5
170.0,0.0,-1685280.0
170.0,0.0,-1684281.0
170.0,0.0,-1683284.0
170.0,0.0,-1679288.5
170.0,0.0,-1678289.5
170.0,0.0,-1677291.0
170.0,0.0,-1675293.5
170.0,0.0,-1674295.0
170.0,0.0,-1673296.0
170.0,0.0,-1672298.0
170.0,0.0,-1670300.0
170.0,0.0,-1669302.0
170.0,0.0,-1668304.0
170.0,0.0,-1667305.0
170.0,0.0,-1665307.0
170.0,0.0,-1664308.5
170.0,0.0,-1663310.0
170.0,-0.5006257822277699,-1662311.5
169.0,0.0,-1660314.0
169.0,0.0,-1659315.0
169.0,0.0,-1658316.5
169.0,0.0,-1657318.0
169.0,0.0,-1655320.0
169.0,0.0,-1654322.5
169.0,0.0,-1653324.0
169.0,0.0,-1652325.5
169.0,0.0,-1651327.0
169.0,0.0,-1650328.5
169.0,0.0,-1649329.5
169.0,0.0,-1648331.0
169.0,0.0,-1647331.5
169.0,0.0,-1646333.5
169.0,-1.0020040080159849,-1645335.0
168.0,0.0,-1644337.0
168.0,0.0,-1643339.0
168.0,0.0,-1641341.0
168.0,0.0,-1640342.0
168.0,0.0,-1639343.5
168.0,0.0,-1638344.0
168.0,1.0005002501250506,-1637346.0
169.0,0.0,-1636346.5
169.0,0.0,-1635348.5
169.0,-1.0020040080159849,-1633350.5
168.0,0.0,-1632352.5
168.0,0.0,-1631353.0
168.0,0.0,-1629356.0
168.0,0.0,-1628356.5
168.0,0.0,-1627358.0
168.0,0.0,-1626360.0
168.0,0.0,-1624362.5
168.0,0.0,-1623362.5
168.0,0.0,-1621366.5
168.0,0.0,-1620368.5
168.0,0.0,-1619370.0
168.0,1.0015022533801483,-1618371.5
169.0,0.0,-1617373.0
169.0,0.0,-1616373.5
169.0,0.0,-1615376.0
169.0,0.0,-1614377.0
169.0,0.0,-1613378.0
169.0,0.0,-1612380.0
169.0,0.0,-1611380.5
169.0,0.0,-1610382.0
169.0,0.0,-1609384.0
169.0,1.001001001000977,-1608385.5
170.0,0.0,-1607386.5
170.0,0.0,-1606388.0
170.0,0.0,-1605388.5
170.0,0.0,-1604389.0
170.0,0.0,-1602393.5
170.0,0.0,-1601394.5
170.0,0.0,-1600396.5
170.0,0.0,-1599398.0
170.0,0.0,-1598398.5
170.0,0.0,-1597400.5
170.0,0.0,-1596401.5
170.0,0.0,-1595403.0
170.0,0.0,-1594405.0
170.0,0.0,-1593406.5
170.0,1.001001001000977,-1592407.0
171.0,0.0,-1591408.0
171.0,0.0,-1590409.5
171.0,0.0,-1589411.0
171.0,0.0,-1588411.5
171.0,0.0,-1587414.0
171.0,0.0,-1586415.5
171.0,0.0,-1585417.0
171.0,0.0,-1583420.0
171.0,0.0,-1582421.5
171.0,0.0,-1581423.0
171.0,0.0,-1579424.5
171.0,0.0,-1578427.0
171.0,0.0,-1577427.0
171.0,0.0,-1576429.0
171.0,0.0,-1575432.0
171.0,0.0,-1574432.0
171.0,0.0,-1573433.5
171.0,0.0,-1572436.5
171.0,0.0,-1571437.5
171.0,0.0,-1570438.5
171.0,0.0,-1569440.5
171.0,0.0,-1567441.5
171.0,0.0,-1566443.0
171.0,0.0,-1564445.0
171.0,0.0,-1563447.0
171.0,0.0,-1562447.0
171.0,0.0,-1560450.0
171.0,0.0,-1559451.0
171.0,-1.001001001000977,-1557454.5
170.0,0.0,-1556455.5
170.0,0.0,-1555457.0
170.0,0.0,-1554459.0
170.0,0.0,-1553459.5
170.0,0.0,-1552461.5
170.0,0.0,-1551462.5
170.0,0.0,-1550463.5
170.0,0.0,-1549465.5
170.0,0.0,-1548467.0
170.0,0.0,-1547468.5
170.0,0.0,-1545472.0
170.0,0.0,-1544473.5
170.0,0.0,-1543474.0
170.0,0.0,-1542476.0
170.0,0.0,-1541477.0
170.0,0.0,-1540479.0
170.0,0.0,-1539480.5
170.0,0.0,-1538482.0
170.0,0.0,-1537483.0
170.0,0.0,-1536484.5
170.0,0.0,-1535485.0
170.0,0.0,-1534487.5
170.0,0.0,-1533489.0
170.0,0.0,-1532490.0
170.0,-0.5007511266900457,-1531491.5
169.0,0.0,-1529494.5
169.0,0.0589127649233398,-1528496.0
171.0,0.0,-1494547.5
171.0,0.0,-1493548.0
171.0,0.0,-1492549.0
171.0,0.0,-1491551.0
171.0,0.0,-1490552.0
171.0,0.0,-1489554.0
171.0,0.0,-1487556.5
171.0,0.0,-1485559.5
171.0,0.0,-1484561.0
171.0,0.0,-1483562.5
171.0,0.0,-1482563.5
171.0,0.0,-1481565.5
171.0,0.0,-1480566.5
171.0,-1.0005002501250506,-1479568.5
170.0,0.0,-1478569.0
170.0,0.0,-1477571.0
170.0,0.0,-1476572.5
170.0,0.0,-1475573.5
170.0,0.0,-1474575.5
170.0,0.0,-1473577.5
170.0,0.0,-1470581.5
170.0,0.0,-1469582.5
170.0,0.0,-1468584.0
170.0,0.0,-1467585.5
170.0,0.0,-1466586.5
170.0,0.0,-1465588.5
170.0,0.0,-1464589.5
170.0,0.0,-1424652.5
170.0,0.0,-1423654.0
170.0,0.0,-1422655.5
170.0,0.0,-1421656.0
170.0,1.0015022533800346,-1420658.0
171.0,0.0,-1419659.5
171.0,0.0,-1418661.0
171.0,0.0,-1417663.5
171.0,0.0,-1413669.5
171.0,0.0,-1412669.0
171.0,0.0,-1410674.0
171.0,0.0,-1409675.0
171.0,0.0,-1408677.0
171.0,0.0,-1407678.5
171.0,0.0,-1406680.0
171.0,0.0,-1405681.5
171.0,0.0,-1404683.5
171.0,0.0,-1403684.5
171.0,-1.0015022533800346,-1402686.5
170.0,0.0,-1401688.0
170.0,0.0,-1400689.5
170.0,0.0,-1399691.5
170.0,0.0,-1398693.5
170.0,0.0,-1396696.0
170.0,0.0,-1395697.5
170.0,0.0,-1393700.5
170.0,0.0,-1391703.5
170.0,-1.0015022533800346,-1390705.0
169.0,1.0015022533800346,-1389706.5
170.0,-1.0025062656642152,-1388708.0
169.0,0.0,-1387710.5
169.0,0.0,-1386712.0
169.0,0.0,-1385713.5
169.0,0.0,-1384715.5
169.0,0.0,-1383716.5
169.0,0.0,-1382717.5
169.0,0.0,-1380721.0
169.0,0.0,-1379722.0
169.0,0.0,-1378724.5
169.0,0.0,-1377726.0
169.0,0.0,-1376727.5
169.0,0.0,-1375729.5
169.0,0.0,-1373733.0
169.0,0.0,-1372734.5
169.0,1.0020040080160988,-1370737.5
170.0,0.0,-1369739.5
170.0,0.0,-1368741.5
170.0,0.0,-1367743.0
170.0,0.0,-1366744.5
170.0,0.0,-1365746.0
170.0,0.0,-1364747.5
170.0,0.0,-1363749.0
170.0,0.0,-1362750.0
170.0,0.0,-1361751.5
170.0,0.0,-1360752.5
170.0,0.0,-1359754.5
170.0,0.0,-1358755.5
170.0,1.0025062656642152,-1357757.0
171.0,0.0,-1356759.5
171.0,0.0,-1355759.5
171.0,0.0,-1354762.0
171.0,0.0,-1353764.0
171.0,0.0,-1352764.5
171.0,0.0,-1351767.0
171.0,0.0,-1350769.0
171.0,0.0,-1349770.5
171.0,1.0020040080159849,-1348772.0
172.0,0.0,-1347774.0
172.0,0.0,-1346774.5
172.0,0.0,-1345776.0
172.0,0.0,-1344778.0
172.0,0.0,-1343779.5
172.0,0.5007511266900173,-1342781.0
173.0,0.0,-1340784.0
173.0,0.0,-1339785.5
173.0,0.0,-1338787.0
173.0,0.0,-1336790.0
173.0,0.0,-1335791.5
173.0,0.0,-1333794.5
173.0,-1.0015022533801483,-1332796.0
172.0,0.0,-1331797.5
172.0,0.0,-1330799.0
172.0,0.0,-1328802.0
172.0,0.0,-1327803.5
172.0,0.0,-1326806.0
172.0,-0.3337783711615382,-1325807.5
171.0,0.0,-1322811.5
171.0,0.0,-1321812.5
171.0,0.5005005005004887,-1320814.5
172.0,0.0,-1318816.5
172.0,0.0,-1317818.5
172.0,0.0,-1316820.0
172.0,0.0,-1315821.5
172.0,0.0,-1314824.0
172.0,0.0,-1313824.5
172.0,0.0,-1312826.5
172.0,0.0,-1311828.0
172.0,0.0,-1310829.5
172.0,0.0,-1308833.5
172.0,0.0,-1307834.5
172.0,0.0,-1306836.0
172.0,0.0,-1304839.0
172.0,-1.0025062656642152,-1303841.0
171.0,0.0,-1302843.5
171.0,0.0,-1300847.0
171.0,0.0,-1298849.5
171.0,0.0,-1297851.0
171.0,0.0,-1296852.5
171.0,0.0,-1294856.0
171.0,0.0,-1293857.0
171.0,0.0,-1292859.0
171.0,0.0,-1291860.5
171.0,0.0,-1290862.5
171.0,0.0,-1288865.5
171.0,0.0,-1287867.5
171.0,0.0,-1286868.5
171.0,0.0,-1285870.0
171.0,0.0,-1284872.0
171.0,0.0,-1283873.5
171.0,0.0,-1282875.5
171.0,0.0,-1281877.0
171.0,0.0,-1280877.5
171.0,0.0,-1278882.0
171.0,0.0,-1277884.5
171.0,0.0,-1276886.5
171.0,0.0,-1275888.0
171.0,0.5007511266900173,-1274890.0
172.0,0.0,-1272893.0
172.0,0.0,-1271894.5
172.0,0.0,-1270896.5
172.0,0.0,-1269898.0
172.0,0.0,-1268899.5
172.0,0.0,-1267901.5
172.0,0.0,-1266903.5
172.0,0.0,-1263908.0
172.0,0.0,-1262909.5
172.0,0.0,-1260912.5
172.0,0.0,-1259914.0
172.0,0.0,-1258915.5
172.0,0.0,-1257916.5
172.0,0.0,-1256919.0
172.0,0.0,-1255920.0
172.0,0.0,-1253923.0
172.0,0.0,-1252925.0
172.0,0.0,-1250928.0
172.0,0.0,-1249930.0
172.0,0.0,-1248931.5
172.0,0.0,-1247933.0
172.0,0.0,-1246934.5
172.0,0.0,-1245936.0
172.0,-1.0015022533801483,-1244937.5
171.0,0.0,-1243939.0
171.0,0.0,-1242941.0
171.0,0.0,-1240944.0
171.0,0.0,-1239945.5
171.0,0.0,-1238946.5
171.0,0.0,-1237948.5
171.0,0.0,-1236950.5
171.0,0.0,-1235951.0
171.0,0.0,-1234953.0
171.0,0.0,-1233955.0
171.0,0.0,-1231958.0
171.0,0.0,-1230959.5
171.0,0.0,-1229961.5
171.0,0.0,-1228963.0
171.0,0.0,-1227964.5
171.0,0.0,-1226965.5
171.0,0.0,-1225967.5
171.0,0.0,-1224969.0
171.0,0.0,-1223970.0
171.0,0.0,-1222971.5
171.0,0.0,-1221973.0
171.0,0.0,-1220975.0
171.0,0.0,-1218978.5
171.0,0.0,-1217980.0
171.0,0.0,-1216981.5
171.0,0.0,-1213986.0
171.0,0.0,-1212987.5
171.0,0.0,-1211990.0
171.0,0.0,-1210991.0
171.0,0.0,-1209993.0
171.0,0.0,-1208994.0
171.0,0.0,-1207996.5
171.0,0.0,-1206998.0
171.0,0.0,-1205999.0
171.0,0.0,-1205001.0
171.0,0.0,-1204003.0
171.0,0.0,-1203004.5
171.0,0.0,-1202006.0
171.0,0.5007511266900173,-1201007.5
172.0,0.0,-1199010.5
172.0,0.0,-1195017.5
172.0,0.0,-1194019.0
172.0,0.0,-1193020.5
172.0,0.0,-1192022.0
172.0,0.0,-1191024.0
172.0,0.0,-1190025.5
172.0,0.0,-1189027.0
172.0,0.0,-1187031.5
172.0,0.0,-1186033.0
172.0,0.0,-1185035.0
172.0,0.0,-1184036.0
172.0,0.0,-1183038.0
172.0,0.0,-1182040.0
172.0,0.0,-1181041.0
172.0,0.5008765339343929,-1180043.0
173.0,0.0,-1178046.5
173.0,0.0,-1177048.5
173.0,0.0,-1176043.5
173.0,0.0,-1175051.5
173.0,0.0,-1174053.0
173.0,0.0,-1173053.5
173.0,0.0,-1172055.5
173.0,0.0,-1171057.5
173.0,0.0,-1170058.5
173.0,0.0,-1169060.5
173.0,0.0,-1168062.5
173.0,-1.001001001000977,-1167064.5
172.0,0.0,-1166065.5
172.0,0.0,-1165067.0
172.0,0.0,-1164069.0
172.0,0.0,-1163071.0
172.0,0.0,-1162072.5
172.0,0.0,-1159077.0
172.0,0.0,-1158078.5
172.0,0.0,-1156082.5
172.0,0.0,-1155084.5
172.0,-1.0015022533801483,-1154086.0
171.0,0.0,-1153087.5
171.0,0.0,-1152089.5
171.0,0.0,-1151090.0
171.0,0.0,-1150091.5
171.0,0.0,-1149093.5
171.0,0.0,-1148095.0
171.0,0.0,-1147097.0
171.0,0.0,-1146098.5
171.0,0.0,-1145098.5
171.0,0.0,-1144101.5
171.0,0.0,-1143103.0
171.0,0.0,-1142105.5
171.0,0.0,-1141107.0
171.0,0.0,-1140108.5
171.0,-0.5007511266900743,-1139110.5
170.0,0.0,-1137113.5
170.0,0.5008765339343929,-1136115.0
171.0,0.0,-1134118.5
171.0,0.0,-1133120.5
171.0,0.0,-1132121.5
171.0,0.0,-1131123.5
171.0,-0.5007511266900173,-1130125.5
170.0,0.0,-1128128.5
170.0,0.0,-1127129.5
170.0,0.0,-1126131.5
170.0,0.0,-1124134.5
170.0,0.0,-1123136.5
170.0,-0.5008765339343929,-1122138.0
169.0,0.0,-1120141.5
169.0,0.0,-1119142.5
169.0,0.0,-1118144.5
169.0,0.0,-1117146.0
169.0,0.0,-1116148.0
169.0,0.0,-1115150.0
169.0,0.0,-1114151.5
169.0,0.0,-1113153.5
169.0,0.0,-1112155.0
169.0,0.0,-1111156.5
169.0,0.0,-1110158.5
169.0,0.0,-1109160.0
169.0,0.0,-1108161.5
169.0,0.0,-1106166.0
169.0,0.0,-1105167.5
169.0,0.0,-1104169.0
169.0,0.0,-1103170.5
169.0,0.0,-1102172.0
169.0,0.0,-1101173.0
169.0,0.0,-1100174.5
169.0,0.0,-1098177.5
169.0,0.0,-1097179.0
169.0,0.0,-1096180.5
169.0,0.0,-1095182.5
169.0,0.0,-1094184.0
169.0,0.0,-1093185.5
169.0,0.0,-1092187.5
169.0,0.0,-1091188.5
169.0,0.0,-1090190.5
169.0,0.0,-1088193.5
169.0,0.0,-1087195.0
169.0,0.0,-1086197.0
169.0,0.0,-1084200.0
169.0,0.0,-1083202.0
169.0,0.0,-1082204.0
169.0,0.0,-1081205.5
169.0,0.0,-1079208.5
169.0,0.0,-1078210.5
169.0,0.0,-1077211.5
169.0,0.0,-1076213.0
169.0,0.0,-1075214.5
169.0,0.0,-1073218.0
169.0,0.0,-1072219.5
169.0,0.0,-1071221.0
169.0,0.0,-1067228.5
169.0,0.0,-1065231.5
169.0,0.0,-1064233.5
169.0,0.0,-1063235.0
169.0,0.0,-1062236.5
169.0,0.0,-1061238.5
169.0,0.0,-1060240.0
169.0,0.0,-1059242.0
169.0,0.0,-1058243.0
169.0,0.0,-1057245.5
169.0,0.0,-1056246.5
169.0,0.0,-1055249.0
169.0,0.0,-1054250.0
169.0,0.0,-1051255.0
169.0,0.0,-1050256.5
169.0,0.0,-1049257.5
169.0,0.0,-1048259.5
169.0,0.0,-1047261.5
169.0,0.0,-1046262.5
169.0,0.0,-1045264.5
169.0,0.0,-1044266.0
169.0,0.0,-1043267.5
169.0,0.0,-1041271.0
169.0,0.0,-1040273.0
169.0,0.0,-1039274.5
169.0,0.0,-1038275.5
169.0,0.0,-1037277.5
169.0,0.0,-1036279.0
169.0,0.0,-1035280.5
169.0,0.0,-1033285.0
169.0,0.0,-1031288.5
169.0,0.0,-1030290.0
169.0,0.0,-1029291.0
169.0,0.0,-1028292.5
169.0,0.0,-1027294.5
169.0,0.0,-1025297.5
169.0,0.0,-1024299.0
169.0,0.0,-1023301.0
169.0,0.0,-1022302.5
169.0,0.0,-1021304.0
169.0,-1.0015022533801483,-1020306.0
168.0,0.0,-1019307.5
168.0,0.0,-1018309.5
168.0,0.0,-1017311.0
168.0,0.0,-1016313.0
168.0,0.0,-1015314.5
168.0,0.0,-1014316.0
168.0,0.0,-1013318.0
168.0,1.0005002501251643,-1012319.5
169.0,0.0,-1011320.0
169.0,0.0,-1010323.0
169.0,0.0,-1009324.0
169.0,0.0,-1008326.5
169.0,0.0,-1007328.0
169.0,0.0,-1006330.0
169.0,1.0010010010012051,-1005331.5
170.0,0.0,-1004332.5
170.0,-0.5007511266900743,-1003334.0
169.0,0.0,-1001337.0
169.0,0.0,-1000339.0
169.0,0.0,-999340.5
169.0,-0.5007511266900173,-998342.0
168.0,0.0,-996345.0
168.0,0.0,-995347.0
168.0,0.0,-994348.5
168.0,1.0020040080159849,-993350.0
169.0,-1.0015022533801483,-992352.0
168.0,0.0,-991353.5
168.0,0.0,-990355.0
168.0,0.0,-989357.0
168.0,1.0025062656642152,-988358.5
169.0,0.0,-987361.0
169.0,0.0,-986362.0
169.0,0.0,-985364.5
169.0,0.0,-984366.0
169.0,0.0,-983368.0
169.0,0.0,-982369.5
169.0,0.0,-981371.0
169.0,0.0,-980372.5
169.0,0.0,-978375.0
169.0,0.0,-976378.5
169.0,0.0,-974381.5
169.0,0.0,-973383.5
169.0,1.0020040080159849,-972384.5
170.0,0.0,-971386.5
170.0,0.0,-970388.5
170.0,0.0,-969389.5
170.0,0.0,-967393.5
170.0,1.0020040080159849,-966394.5
171.0,0.0,-965396.5
171.0,0.0,-964398.0
171.0,1.0015022533799205,-963399.5
172.0,0.0,-962401.0
172.0,0.0,-961402.0
172.0,1.0015022533801483,-959406.5
173.0,0.0,-958408.0
173.0,0.0,-957409.0
173.0,0.0,-956411.0
173.0,-1.0010010010012051,-955413.0
172.0,0.0,-954414.0
172.0,0.0,-953415.5
172.0,0.0,-952417.5
172.0,0.0,-951419.5
172.0,-1.0020040080159849,-950421.0
171.0,0.0,-949423.0
171.0,0.0,-948424.5
171.0,0.0,-947426.5
171.0,-1.0015022533799205,-946428.5
170.0,0.0,-945430.0
170.0,0.0,-944431.0
170.0,0.5008765339343358,-943433.0
171.0,0.0,-941436.5
171.0,0.0,-940438.0
171.0,0.0,-939439.5
171.0,0.0,-937443.0
171.0,1.0030090270811725,-936444.0
172.0,0.0,-935447.0
172.0,0.0,-934448.5
172.0,0.0,-933450.0
172.0,-1.0015022533799205,-932452.0
171.0,0.0,-931453.5
171.0,0.0,-930455.0
171.0,0.0,-929456.5
171.0,0.0,-928458.0
171.0,0.0,-927459.5
171.0,-1.0025062656642152,-926461.5
170.0,0.0,-925464.0
170.0,0.0,-924465.0
170.0,0.0,-923466.5
170.0,0.0,-921470.0
170.0,0.0,-920471.5
170.0,0.0,-919473.5
170.0,0.0,-918475.0
170.0,0.0,-917476.5
170.0,0.5007511266900173,-916478.5
171.0,0.0,-914481.5
171.0,0.0,-913484.0
171.0,0.0,-912485.0
171.0,0.0,-911487.0
171.0,-1.002004008016213,-910490.0
170.0,0.0,-909492.0
170.0,0.0,-908493.5
170.0,0.0,-907495.5
170.0,0.0,-906496.5
170.0,-1.0015022533799205,-905498.5
169.0,0.0,-904500.0
169.0,0.0,-903501.5
169.0,0.0,-902503.5
169.0,0.0,-900507.0
169.0,0.0,-899509.0
169.0,0.0,-898511.0
169.0,0.0,-897512.5
169.0,-0.5008765339343929,-896514.0
168.0,0.0,-894517.5
168.0,0.0,-893519.5
168.0,0.0,-892520.5
168.0,0.0,-891522.5
168.0,0.0,-890524.5
168.0,0.0,-889526.0
168.0,0.0,-888528.0
168.0,0.0,-886532.0
168.0,0.0,-885534.5
168.0,0.0,-884536.0
168.0,0.0,-882539.5
168.0,1.0025062656642152,-881540.5
169.0,0.0,-880543.0
169.0,0.0,-879544.5
169.0,0.0,-878545.5
169.0,0.0,-877548.0
169.0,0.0,-876548.5
169.0,-1.0025062656642152,-875551.0
168.0,1.000500250124937,-874553.5
169.0,0.0,-873554.0
169.0,0.0,-872556.0
169.0,0.0,-871557.5
169.0,0.0,-870559.0
169.0,0.0,-868562.5
169.0,0.0,-867564.0
169.0,0.0,-866565.5
169.0,0.0,-865567.5
169.0,-0.5008765339343929,-864569.5
168.0,0.0,-862573.0
168.0,0.0,-861575.0
168.0,1.0020040080159849,-860576.5
169.0,0.0,-859578.5
169.0,0.0,-858580.0
169.0,0.0,-857581.0
169.0,0.0,-856582.5
169.0,0.0,-855584.5
169.0,0.0,-854586.0
169.0,1.0015022533801483,-853588.5
170.0,0.0,-852590.0
170.0,0.0,-850593.5
170.0,0.0,-849594.5
170.0,-1.0020040080159849,-848596.5
169.0,0.0,-847598.5
169.0,0.0,-845601.5
169.0,0.0,-844603.5
169.0,-1.002004008016213,-843605.0
168.0,0.0,-842607.0
168.0,0.0,-840610.5
168.0,0.0,-839611.5
168.0,0.0,-838613.5
168.0,0.0,-836617.0
168.0,-0.5005005005004887,-834620.5
167.0,0.0,-832622.5
167.0,0.0,-831625.0
167.0,0.0,-830626.5
167.0,0.0,-829628.5
167.0,0.0,-828630.0
167.0,0.0,-827631.5
167.0,0.0,-826634.0
167.0,0.0,-825635.0
167.0,0.0,-824637.0
167.0,0.0,-823638.0
167.0,0.0,-822639.5
167.0,0.0,-820644.0
167.0,0.0,-819645.5
167.0,0.0,-818647.0
167.0,0.0,-817648.5
167.0,0.0,-814653.5
167.0,0.0,-813655.5
167.0,0.0,-812658.0
167.0,0.0,-811659.5
167.0,0.0,-810661.0
167.0,0.0,-807665.5
167.0,1.0015022533801483,-806667.5
168.0,0.0,-805669.0
168.0,0.0,-804670.5
168.0,0.0,-803672.5
168.0,0.0,-802673.5
168.0,0.0,-800677.5
168.0,1.0015022533801483,-799679.0
169.0,0.0,-798680.5
169.0,0.0,-795685.5
169.0,0.0,-794688.0
169.0,0.0,-793688.5
169.0,0.0,-792691.0
169.0,0.0,-789696.0
169.0,0.0,-788698.0
169.0,0.0,-787700.0
169.0,0.0,-785703.0
169.0,0.0,-784704.5
169.0,0.0,-783706.0
169.0,-0.5008765339343929,-782708.0
168.0,0.0,-780711.5
168.0,0.0,-778715.0
168.0,0.0,-777716.5
168.0,0.0,-776718.0
168.0,0.0,-775719.5
168.0,0.0,-774721.0
168.0,0.0,-772724.0
168.0,-1.0025062656639867,-770726.5
167.0,0.0,-769729.0
167.0,0.0,-768730.5
167.0,0.0,-767732.5
167.0,0.0,-766733.5
167.0,0.0,-765735.5
167.0,0.0,-764737.5
167.0,-1.0020040080159849,-763739.5
166.0,0.0,-762741.5
166.0,0.0,-760744.5
166.0,0.0,-759745.5
166.0,-0.3337783711615382,-758747.5
165.0,0.0,-755751.5
165.0,0.0,-754753.5
165.0,0.0,-753754.5
165.0,0.0,-752756.5
165.0,0.0,-751757.5
165.0,0.0,-750759.5
165.0,0.0,-749760.5
165.0,0.0,-748762.5
165.0,0.0,-747764.5
165.0,0.0,-746766.0
165.0,0.0,-745767.5
165.0,0.5006257822277984,-744769.0
166.0,0.0,-742771.5
166.0,0.0,-741773.5
166.0,0.0,-740775.5
166.0,0.0,-739778.5
166.0,0.0,-737782.0
166.0,0.0,-736783.5
166.0,1.0015022533801483,-735785.0
167.0,0.0,-734786.5
167.0,0.0,-733788.0
167.0,0.0,-732790.0
167.0,0.0,-731791.5
167.0,1.0015022533799205,-730793.5
168.0,0.0,-729795.0
168.0,0.0,-728796.5
168.0,0.0,-727799.0
168.0,0.0,-726800.0
168.0,1.0015022533799205,-724803.5
169.0,0.0,-723805.0
169.0,0.0,-722807.0
169.0,0.0,-721808.5
169.0,0.0,-720810.0
169.0,0.0,-719811.5
169.0,0.0,-718813.5
169.0,0.0,-717815.0
169.0,0.0,-716816.5
169.0,0.0,-715819.0
169.0,0.0,-714820.5
169.0,0.0,-713822.5
169.0,0.0,-712823.5
169.0,0.0,-711825.0
169.0,0.0,-710828.0
169.0,0.0,-709829.0
169.0,0.0,-708831.0
169.0,0.0,-706834.5
169.0,0.0,-705836.0
169.0,0.0,-703840.0
169.0,0.0,-702841.5
169.0,0.0,-701843.0
169.0,0.0,-700845.0
169.0,0.0,-699847.0
169.0,0.0,-698849.0
169.0,-0.5010020040079923,-697850.0
168.0,0.0,-695854.0
168.0,0.0,-694854.5
168.0,0.0,-693856.5
168.0,0.0,-691860.5
168.0,1.0015022533801483,-689864.5
169.0,0.0,-688866.0
169.0,0.0,-687867.5
169.0,0.0,-685871.0
169.0,0.0,-683874.5
169.0,0.0,-682876.5
169.0,0.0,-681878.0
169.0,0.0,-680880.5
169.0,0.0,-679882.0
169.0,0.0,-678884.5
169.0,0.0,-677886.5
169.0,0.0,-676888.0
169.0,0.0,-675889.5
169.0,0.0,-674890.5
169.0,0.0,-673893.0
169.0,0.0,-670898.5
169.0,0.0,-669899.5
169.0,0.0,-668902.0
169.0,0.0,-667904.0
169.0,-1.0020040080159849,-666905.5
168.0,0.0,-665907.5
168.0,0.0,-664909.0
168.0,0.0,-663911.0
168.0,0.0,-662912.5
168.0,0.0,-661913.5
168.0,0.0,-660915.0
168.0,0.0,-659917.0
168.0,0.0,-658919.0
168.0,0.0,-657920.5
168.0,0.0,-656922.5
168.0,0.0,-655923.5
168.0,0.0,-653926.5
168.0,0.0,-652929.0
168.0,0.0,-651929.5
168.0,0.0,-650933.0
168.0,0.0,-649934.0
168.0,0.0,-648935.5
168.0,0.0,-647937.0
168.0,0.0,-646940.0
168.0,0.0,-645940.0
168.0,0.0,-644943.5
168.0,0.0,-643945.0
168.0,0.0,-642945.5
168.0,0.0,-641947.5
168.0,0.5007511266900173,-639952.0
169.0,0.0,-637955.0
169.0,1.0020040080159849,-635957.0
170.0,0.0,-634959.0
170.0,0.0,-633960.0
170.0,0.0,-632962.0
170.0,0.0,-631963.5
170.0,0.0,-630965.5
170.0,0.0,-629966.0
170.0,-1.001001001000977,-628968.5
169.0,0.0,-627969.5
169.0,0.0,-626971.0
169.0,0.0,-625973.0
169.0,0.0,-624974.0
169.0,0.0,-623976.5
169.0,0.0,-622977.5
169.0,0.0,-621980.0
169.0,0.0,-620981.5
169.0,0.0,-619983.0
169.0,0.0,-617986.0
169.0,0.0,-616988.5
169.0,0.0,-615989.5
169.0,0.0,-614991.5
169.0,0.0,-613993.0
169.0,-1.0015022533801483,-612994.5
168.0,0.0,-611996.0
168.0,0.0,-610997.5
168.0,0.0,-609999.0
168.0,0.0,-609002.0
168.0,-0.5006257822277984,-608004.0
167.0,0.0,-606006.5
167.0,0.0,-605009.0
167.0,0.0,-604009.0
167.0,0.0,-603013.0
167.0,-0.5008765339343929,-602013.5
166.0,1.0020040080159849,-600017.0
167.0,-1.002004008016213,-599019.0
166.0,0.0,-598021.0
166.0,0.0,-597022.0
166.0,0.0,-596024.5
166.0,0.0,-595025.5
166.0,0.0,-594027.0
166.0,0.0,-593030.0
166.0,0.0,-592031.0
166.0,0.0,-591033.0
166.0,0.0,-590034.5
166.0,0.0,-589035.5
166.0,0.0,-587038.0
166.0,0.0,-586041.0
166.0,0.0,-585042.5
166.0,0.0,-583047.0
166.0,0.0,-582048.0
166.0,0.0,-581050.0
166.0,0.0,-580051.5
166.0,0.0,-579053.0
166.0,0.0,-577052.5
166.0,0.0,-576058.0
166.0,-1.0020040080159849,-575060.0
165.0,0.0,-574062.0
165.0,0.0,-573063.0
165.0,0.0,-572065.0
165.0,0.0,-571066.5
165.0,0.0,-570068.5
165.0,0.0,-569070.0
165.0,0.0,-568072.0
165.0,0.0,-567073.5
165.0,0.0,-566075.0
165.0,0.0,-564077.0
165.0,1.0020040080159849,-563078.5
166.0,0.0,-562080.5
166.0,0.0,-561082.0
166.0,0.0,-560083.5
166.0,1.0015022533801483,-559085.0
167.0,0.0,-558086.5
167.0,0.0,-557088.0
167.0,0.0,-556089.5
167.0,0.0,-553093.5
167.0,0.0,-552095.5
167.0,0.0,-551096.5
167.0,0.0,-550098.0
167.0,0.0,-549099.5
167.0,0.0,-548101.0
167.0,0.0,-546104.0
167.0,0.0,-545105.5
167.0,0.0,-544107.5
167.0,0.0,-543109.5
167.0,0.0,-541112.5
167.0,0.0,-540113.0
167.0,0.0,-539114.5
167.0,0.0,-538116.0
167.0,0.0,-537117.5
167.0,0.0,-536119.0
167.0,0.0,-535121.0
167.0,0.0,-534122.5
167.0,0.0,-533124.0
167.0,0.0,-532125.5
167.0,0.0,-531127.5
167.0,0.0,-530129.0
167.0,0.0,-528131.5
167.0,0.0,-527134.0
167.0,0.0,-526135.5
167.0,0.0,-525137.5
167.0,0.0,-524139.5
167.0,0.0,-523141.0
167.0,0.0,-522142.0
167.0,0.0,-521144.5
167.0,0.0,-520146.5
167.0,0.0,-519148.0
167.0,0.0,-518150.5
167.0,0.0,-517151.0
167.0,0.0,-516153.5
167.0,0.0,-515154.5
167.0,0.0,-514156.5
167.0,0.0,-513158.0
167.0,0.0,-512160.0
167.0,0.0,-510163.5
167.0,0.0,-508167.0
167.0,0.0,-507169.0
167.0,0.0,-505172.5
167.0,-0.5007511266900173,-504174.0
166.0,1.0020040080159849,-502177.0
167.0,0.0,-501179.0
167.0,0.0,-500180.5
167.0,0.0,-499182.5
167.0,0.0,-498184.0
167.0,0.0,-497185.5
167.0,0.0,-496187.5
167.0,0.0,-495190.0
167.0,0.0,-494191.5
167.0,0.0,-491195.5
167.0,0.0,-490197.0
167.0,-0.5007511266900743,-489199.0
166.0,0.0,-487202.0
166.0,0.0,-486203.5
166.0,0.0,-485205.0
166.0,0.0,-484207.0
166.0,0.0,-482210.0
166.0,0.0,-481212.0
166.0,0.0,-480213.5
166.0,0.0,-479214.5
166.0,0.0,-478217.0
166.0,0.0,-477218.0
166.0,0.0,-476220.5
166.0,0.0,-471228.5
166.0,0.0,-470230.0
166.0,1.0020040080159849,-469231.5
167.0,0.0,-468233.5
167.0,0.0,-467234.5
167.0,0.0,-466235.5
167.0,0.0,-464239.0
167.0,1.0010010010012051,-463240.0
168.0,0.0,-462241.0
168.0,0.0,-461242.5
168.0,0.0,-460244.0
168.0,0.0,-459245.5
168.0,0.5006257822277984,-458247.0
169.0,0.0,-456249.5
169.0,0.0,-455251.0
169.0,0.0,-454252.5
169.0,0.0,-453253.5
169.0,0.0,-452255.5
169.0,0.0,-451257.0
169.0,0.0,-450258.0
169.0,0.0,-449259.5
169.0,0.0,-448261.0
169.0,0.0,-446265.0
169.0,0.0,-445266.5
169.0,0.0,-444268.5
169.0,0.0,-443270.0
169.0,0.0,-442271.0
169.0,0.0,-441272.5
169.0,0.0,-440274.0
169.0,0.0,-438277.0
169.0,0.0,-437278.5
169.0,0.0,-434283.5
169.0,0.0,-433285.0
169.0,0.0,-432287.0
169.0,0.0,-431288.5
169.0,0.0,-430290.0
169.0,0.0,-429292.0
169.0,0.0,-428293.5
169.0,0.0,-427295.5
169.0,1.0015022533801483,-426297.0
170.0,0.0,-425298.5
170.0,0.0,-424300.5
170.0,0.5011275369581577,-423301.5
171.0,0.0,-421306.0
171.0,0.0,-418309.5
171.0,1.0015022533801483,-417312.0
172.0,0.0,-416313.5
172.0,0.0,-415315.0
172.0,0.0,-414317.0
172.0,0.0,-413318.5
172.0,0.0,-412319.0
172.0,0.0,-411322.0
172.0,0.0,-410323.0
172.0,0.0,-409324.5
172.0,0.0,-408326.5
172.0,0.0,-407327.5
172.0,0.0,-406329.5
172.0,0.0,-405331.0
172.0,0.0,-403334.5
172.0,0.0,-402336.0
172.0,0.0,-401337.5
172.0,0.0,-400339.5
172.0,-1.0020040080159849,-399341.0
171.0,0.0,-398343.0
171.0,0.0,-397345.0
171.0,0.0,-396346.0
171.0,0.0,-395348.5
171.0,0.0,-394350.0
171.0,0.0,-393350.5
171.0,0.0,-392352.5
171.0,-1.0015022533801483,-391354.0
170.0,0.0,-390355.5
170.0,0.0,-389356.5
170.0,0.0,-388358.5
170.0,-1.0015022533799205,-386361.5
169.0,0.0,-385363.0
169.0,0.0,-384364.5
169.0,0.0,-383366.0
169.0,0.0,-382367.5
169.0,0.0,-381371.0
169.0,0.0,-380372.5
169.0,0.0,-379374.0
169.0,0.0,-377377.0
169.0,1.0015022533801483,-376379.0
170.0,0.0,-375380.5
170.0,0.0,-374382.5
170.0,0.0,-373384.0
170.0,0.0,-372386.5
170.0,0.0,-371388.0
170.0,0.0,-370389.5
170.0,0.0,-369390.5
170.0,0.0,-367394.0
170.0,0.0,-366395.5
170.0,0.0,-365397.5
170.0,0.0,-364398.5
170.0,0.0,-363400.0
170.0,0.0,-362402.0
170.0,-1.0015022533801483,-361402.5
169.0,0.0,-360404.0
169.0,0.0,-359405.5
169.0,0.0,-357408.5
169.0,-1.0020040080159849,-356410.5
168.0,0.0,-355412.5
168.0,0.0,-354414.0
168.0,0.0,-353416.0
168.0,0.0,-352417.5
168.0,0.0,-351419.0
168.0,0.0,-349423.5
168.0,0.0,-348425.5
168.0,0.0,-347427.5
168.0,0.0,-346429.0
168.0,0.0,-345430.5
168.0,0.0,-343433.5
168.0,0.0,-342435.0
168.0,0.0,-341437.0
168.0,0.0,-340439.0
168.0,0.0,-339440.5
168.0,0.0,-338442.0
168.0,0.0,-337442.5
168.0,0.0,-336445.0
168.0,0.0,-335447.0
168.0,0.0,-334448.0
168.0,0.0,-333450.0
168.0,0.0,-331453.5
168.0,0.0,-329456.50000000023
168.0,-1.0010010010012051,-328459.49999999977
167.0,0.0,-327460.5
167.0,0.0,-326463.0
167.0,0.0,-325463.99999999977
167.0,0.0,-324466.5
167.0,0.0,-323468.49999999977
167.0,0.0,-321472.50000000023
167.0,0.0,-320474.0
167.0,0.0,-319475.5
167.0,0.0,-317478.5
167.0,0.0,-316480.5
167.0,0.5007511266900743,-315482.5
168.0,0.0,-313485.5
168.0,0.0,-311490.00000000023
168.0,0.0,-310490.50000000023
168.0,0.0,-309492.50000000023
168.0,0.0,-308494.50000000023
168.0,0.0,-306498.0
168.0,0.0,-305499.49999999977
168.0,0.0,-304501.0
168.0,0.0,-302503.99999999977
168.0,0.0,-301506.49999999977
168.0,0.0,-300508.00000000023
168.0,0.0,-299510.50000000023
168.0,0.0,-298512.50000000023
168.0,0.0,-297514.5
168.0,0.0,-296515.49999999977
168.0,0.0,-295517.00000000023
168.0,0.0,-294518.5
168.0,0.0,-293519.99999999977
168.0,0.0,-292521.50000000023
168.0,0.0,-291523.50000000023
168.0,0.0,-290525.5
168.0,0.5006257822277984,-289527.5
169.0,0.0,-287530.0
169.0,0.0,-286532.0
169.0,0.0,-285534.5
169.0,0.0,-284535.00000000023
169.0,0.0,-283537.00000000023
169.0,0.0,-282538.5
169.0,0.0,-281540.0
169.0,0.0,-279543.0
169.0,0.0,-278545.0
169.0,0.0,-277545.0
169.0,0.0,-276547.5
169.0,0.0,-275550.0
169.0,0.0,-274551.5
169.0,0.0,-273553.5
169.0,0.0,-272555.0
169.0,0.0,-271556.5
169.0,0.0,-269559.5
169.0,0.0,-268561.0
169.0,1.0020040080164412,-267562.0
170.0,0.0,-266564.0
170.0,0.0,-265565.5
170.0,0.0,-264567.5
170.0,0.0,-263569.0
170.0,-0.5008765339343358,-262570.0
169.0,0.0,-260573.5
169.0,0.0,-259575.5
169.0,1.0015022533799205,-258577.0
170.0,0.0,-257578.5
170.0,0.0,-256580.0
170.0,0.0,-255582.0
170.0,0.0,-254583.0
170.0,0.0,-253585.0
170.0,0.0,-252586.0
170.0,0.0,-251587.5
170.0,0.0,-250590.0
170.0,0.0,-249591.5
170.0,0.0,-248594.0
170.0,0.0,-247595.0
170.0,0.0,-246596.0
170.0,0.5007511266900743,-244600.0
171.0,0.0,-242603.0
171.0,0.0,-241604.5
171.0,0.0,-240606.5
171.0,0.0,-239608.0
171.0,0.0,-238609.5
171.0,0.0,-237611.5
171.0,0.0,-236613.5
171.0,0.0,-235615.5
171.0,0.0,-234616.5
171.0,0.0,-233618.0
171.0,0.0,-232619.5
171.0,0.0,-231621.5
171.0,0.0,-230623.5
171.0,0.0,-229624.0
171.0,0.0,-228627.0
171.0,0.0,-226630.0
171.0,-0.5007511266900743,-224634.0
170.0,0.0,-222637.0
170.0,0.0,-221638.0
170.0,0.0,-220639.5
170.0,0.0,-219641.0
170.0,0.0,-218643.0
170.0,0.0,-217643.5
170.0,0.0,-216646.5
170.0,0.0,-215648.0
170.0,0.0,-214650.0
170.0,0.0,-213651.5
170.0,0.0,-212653.0
170.0,0.0,-211654.5
170.0,1.0015022533799205,-210656.5
171.0,0.0,-209658.0
171.0,0.0,-208659.5
171.0,1.0015022533799205,-207661.5
172.0,0.0,-206663.0
172.0,1.0020040080159849,-205664.5
173.0,0.0,-204666.5
173.0,0.0,-202670.0
173.0,0.0,-201672.0
173.0,0.0,-200674.5
173.0,1.0020040080164412,-199676.0
174.0,0.0,-198678.0
174.0,0.0,-197679.0
174.0,0.0,-196680.0
174.0,0.0,-195682.0
174.0,0.0,-194683.5
174.0,0.0,-193685.5
174.0,0.0,-192686.5
174.0,0.0,-191688.0
174.0,0.0,-189691.5
174.0,0.0,-188693.0
174.0,0.0,-187695.0
174.0,0.0,-186697.5
174.0,0.0,-185698.5
174.0,0.0,-184700.0
174.0,0.0,-183702.0
174.0,0.0,-182703.5
174.0,0.0,-180706.5
174.0,0.0,-179709.0
174.0,0.0,-178710.5
174.0,-0.5010020040079923,-177712.5
173.0,0.0,-175716.5
173.0,0.0,-174718.0
173.0,0.0,-172720.0
173.0,0.0,-171722.0
173.0,0.0,-170724.0
173.0,-1.0020040080159849,-169725.5
172.0,0.0,-168727.5
172.0,0.0,-167729.5
172.0,0.0,-166731.5
172.0,0.0,-165733.0
172.0,0.0,-164734.5
172.0,0.0,-163736.5
172.0,0.0,-162738.0
172.0,0.0,-161740.0
172.0,0.0,-160741.5
172.0,0.0,-159743.5
172.0,0.0,-158745.0
172.0,0.0,-157745.5
172.0,0.0,-156748.5
172.0,0.0,-154752.0
172.0,0.0,-153753.5
172.0,0.0,-152756.5
172.0,0.0,-151758.0
172.0,0.0,-149761.5
172.0,0.0,-148762.0
172.0,0.0,-146765.5
172.0,0.0,-145767.5
172.0,0.0,-144769.0
172.0,0.0,-142772.0
172.0,1.0010010010012051,-141774.0
173.0,-1.0020040080159849,-140775.0
172.0,0.0,-139777.0
172.0,1.0015022533799205,-137780.0
173.0,0.0,-136781.5
173.0,0.0,-135783.0
173.0,0.0,-134785.0
173.0,0.0,-133786.5
173.0,0.0,-132788.0
173.0,0.0,-131790.0
173.0,0.0,-130791.5
173.0,0.0,-129793.5
173.0,0.0,-128795.5
173.0,0.0,-127797.5
173.0,0.0,-126799.5
173.0,0.0,-125801.0
173.0,0.0,-124802.5
173.0,0.0,-123803.0
173.0,0.0,-122804.5
173.0,0.0,-121806.0
173.0,0.0,-120807.5
173.0,0.0,-119808.5
173.0,0.0,-118810.0
173.0,0.0,-115814.5
173.0,0.0,-113817.5
173.0,0.0,-112819.5
173.0,0.0,-111821.0
173.0,0.0,-110822.5
173.0,0.0,-109824.0
173.0,0.0,-108826.0
173.0,0.0,-107827.5
173.0,-1.0020040080159849,-106829.5
172.0,0.0,-105831.5
172.0,0.0,-104832.5
172.0,0.0,-103834.0
172.0,0.0,-102836.5
172.0,0.0,-101838.0
172.0,0.0,-100839.5
172.0,0.0,-99840.0
172.0,0.0,-98842.0
172.0,0.0,-97842.5
172.0,0.0,-96845.0
172.0,0.0,-95846.5
172.0,0.0,-94847.5
172.0,0.0,-93850.0
172.0,0.0,-92851.5
172.0,0.0,-91853.0
172.0,0.0,-90854.5
172.0,0.0,-89856.0
172.0,0.0,-88858.0
172.0,0.0,-87859.5
172.0,0.0,-86861.5
172.0,0.0,-85863.0
172.0,0.0,-84864.5
172.0,1.0015022533799205,-82867.5
173.0,0.0,-81869.0
173.0,0.0,-80871.0
173.0,0.0,-79873.0
173.0,0.0,-78875.5
173.0,0.0,-77877.5
173.0,1.0015022533803766,-76879.0
174.0,0.0,-75880.5
174.0,0.0,-74881.5
174.0,-1.0015022533799205,-73883.0
173.0,1.0015022533799205,-72884.5
174.0,0.0,-71886.0
174.0,0.0,-70887.5
174.0,0.0,-69889.0
174.0,0.0,-68890.5
174.0,0.0,-67892.5
174.0,0.0,-66893.5
174.0,-1.0005002501251643,-65895.5
173.0,0.0,-64896.0
173.0,0.0,-63899.0
173.0,0.0,-62900.5
173.0,0.0,-61902.0
173.0,0.0,-60903.5
173.0,0.0,-59905.0
173.0,0.0,-58906.5
173.0,0.0,-57908.0
173.0,-1.0015022533799205,-56909.5
172.0,0.0,-55911.0
172.0,0.0,-54913.5
172.0,0.0,-53915.5
172.0,-1.0020040080164412,-52917.0
171.0,0.0,-51919.0
171.0,0.0,-50920.0
171.0,0.0,-49921.5
171.0,0.0,-48923.0
171.0,-0.9995002498749608,-47925.0
170.0,0.0,-46924.5
170.0,0.0,-45927.5
170.0,0.0,-44929.5
170.0,0.0,-43931.5
170.0,0.0,-42932.0
170.0,0.0,-41934.0
170.0,-1.0015022533799205,-40935.5
169.0,0.0,-39937.0
169.0,0.0,-38939.0
169.0,0.0,-37940.0
169.0,0.0,-36942.0
169.0,0.0,-34945.0
169.0,1.0020040080164412,-33946.0
170.0,0.0,-32948.0
170.0,0.0,-31949.0
170.0,0.0,-30951.5
170.0,0.0,-29953.5
170.0,0.0,-28954.5
170.0,0.0,-27956.0
170.0,0.0,-26958.0
170.0,0.0,-25958.5
170.0,0.0,-24961.0
170.0,0.0,-23961.5
170.0,0.0,-22964.0
170.0,0.0,-21965.5
170.0,0.0,-20966.5
170.0,0.0,-19968.5
170.0,0.0,-18970.0
170.0,0.0,-17972.0
170.0,0.0,-16973.5
170.0,1.0015022533803766,-15975.0
171.0,0.0,-14976.5
171.0,0.0,-13978.5
171.0,0.0,-12980.0
171.0,0.0,-11981.5
171.0,0.0,-10982.5
171.0,0.0,-9984.5
171.0,0.0,-8986.0
171.0,0.0,-7987.0
171.0,0.0,-6988.5
171.0,0.0,-5991.0
171.0,0.0,-4993.5
171.0,0.0,-3995.0
171.0,0.0,-2996.5
171.0,0.0,-1997.5
171.0,0.0,0.0
171.0,4.002001000500658,998.0
175.0,61.58505805149638,1997.5
236.0,151.54536390825157,2988.0
388.0,223.1115557779117,3991.0
611.0,329.576759328793,4990.5
1269.0,421.0526315789704,6987.0
1689.0,459.2296148074505,7984.5
2148.0,492.0,8984.0
2640.0,517.5292153589504,9984.0
4190.0,486.73009514264135,12979.0
4676.0,459.9198396793369,13977.5
5135.0,432.8657314629053,14975.5
5567.0,369.4235588972633,15973.5
7041.0,290.5,19963.5
7622.0,256.02409638551785,21963.5
7877.0,236.3545317976612,22959.5
8113.0,216.2162162162603,23958.0
8329.0,200.10005002503289,24957.0
8529.0,189.283925888805,25956.5
8718.0,175.2628943414861,26955.0
8893.0,161.24186279424063,27953.5
9054.0,146.92653673161922,28952.0
9201.0,135.3383458646691,29952.5
9336.0,122.30576441103426,30950.0
9458.0,111.16675012517118,31947.5
9569.0,101.0505252626416,32946.0
9670.0,83.73025821006748,33945.5
9837.0,67.89815277085384,35940.0
9905.0,57.344064386309725,36941.5
9962.0,47.0,37935.5
10009.0,36.9077306733147,38935.5
10046.0,27.09483191169794,39938.0
10073.0,17.01701701701274,40934.5
10090.0,8.028098344206798,41933.5
10098.0,-1.0010010010007495,42930.0
10097.0,-10.010010010012053,43929.0
10087.0,-25.52552552552492,44928.0
10036.0,-37.0648635111493,46926.0
9962.0,-35.08771929823154,48922.5
9927.0,-36.03603603604338,49920.0
9891.0,-38.05708562843698,50919.0
9853.0,-37.07414829659143,51917.5
9816.0,-36.05408112169356,52915.5
9780.0,-36.03603603602698,53914.0
9744.0,-35.046728971961514,54913.0
9639.0,-34.10230692076764,57909.0
9605.0,-35.01750875438076,58906.0
9570.0,-34.06813627254348,59905.5
9536.0,-35.05257886829722,60903.5
9501.0,-35.03503503504218,61902.0
9466.0,-35.087719298247535,62901.0
9431.0,-35.01750875438076,63898.5
9396.0,-33.06613226452749,64898.0
9363.0,-31.555221637863163,65896.0
9300.0,-32.048072108157456,67892.5
9268.0,-32.06412825652612,68891.0
9236.0,-35.04380475593791,69889.0
9166.0,-32.04807210817205,71886.5
9134.0,-32.048072108157456,72885.0
9102.0,-32.048072108157456,73883.5
9070.0,-34.06813627254348,74882.0
9036.0,-30.5381727158957,75880.0
8975.0,-33.03303303303977,77877.5
8942.0,-32.565130260519496,78876.5
8877.0,-32.04807210816232,80872.5
8781.0,-33.06613226452749,83868.0
8748.0,-33.01650825413043,84866.0
8715.0,-32.06412825651151,85865.5
8683.0,-32.032032032038565,86863.5
8651.0,-31.523642732046685,87862.5
8588.0,-30.060120240479534,89861.0
8558.0,-30.090270812442032,90859.0
8528.0,-32.5,91856.0
8463.0,-33.13253012047878,93856.0
8430.0,-33.966033966027055,94852.0
8396.0,-31.06212424849552,95853.0
8365.0,-33.04957436155243,96851.0
8332.0,-30.015007503754934,97849.5
8302.0,-29.07268170424899,98849.0
8273.0,-32.0,99846.5
8241.0,-33.04957436155243,100846.5
8208.0,-34.06813627254348,101845.0
8174.0,-30.060120240479534,102843.0
8144.0,-31.539424280351295,103841.0
8081.0,-29.52952952952883,105838.5
8022.0,-32.032032032038565,107836.5
7990.0,-31.04656985477753,108835.5
7959.0,-29.08726178536063,109834.0
7930.0,-31.96803196802546,110831.0
7898.0,-30.060120240479534,111832.0
7868.0,-30.045067601397616,112830.0
7838.0,-29.029029029034948,113828.5
7809.0,-31.108881083787143,114827.5
7778.0,-32.0,115824.0
7746.0,-30.075187969926457,116824.0
7716.0,-25.97402597403249,117821.5
7690.0,-29.04356534801769,118822.5
7661.0,-30.0,119821.0
7631.0,-30.075187969926457,120821.0
7601.0,-28.98550724637386,121818.5
7572.0,-30.090270812442032,122819.0
7542.0,-29.544316474707653,123816.0
7483.0,-28.97102897103624,125813.0
7454.0,-29.644466700049698,126814.0
7158.0,-28.042063094650544,136799.0
7130.0,-32.032032032023984,137797.5
7098.0,-28.056112224447567,138796.5
7070.0,-28.01400700350461,139794.5
7042.0,-30.030030030036155,140794.0
7012.0,-29.581348708945995,141793.0
6953.0,-28.98550724637386,143787.5
6924.0,-29.436795994994547,144788.0
6630.0,-27.01350675336715,154775.5
6603.0,-29.04356534803092,155775.0
6574.0,-29.029029029021736,156773.5
6545.0,-27.02702702703254,157772.5
6518.0,-29.07268170426224,158771.5
6489.0,-28.01400700350461,159769.0
6461.0,-25.050100200399616,160768.5
6436.0,-32.0160080039907,161766.5
6404.0,-28.0,162766.0
6376.0,-28.070175438598028,163766.0
6348.0,-29.08726178536063,164763.5
6319.0,-30.0,165760.5
6289.0,-29.11646586345105,166760.5
6260.0,-30.953569645536312,167756.5
6229.0,-29.04356534801769,168758.0
6200.0,-28.37589717910205,169756.5
6115.0,-28.028028028033745,172752.0
6087.0,-25.01250625311773,173751.0
6062.0,-27.05410821644391,174750.5
6035.0,-26.986506746623935,175748.5
6008.0,-27.040560841257854,176749.0
5981.0,-28.046744574291505,177747.5
5897.0,-27.040560841257854,180742.5
5870.0,-29.029029029034948,181741.0
5841.0,-29.04356534801769,182740.0
5812.0,-27.06766917293381,183738.5
5785.0,-29.029029029034948,184736.0
5756.0,-30.01500750374128,185735.0
5726.0,-29.04356534803092,186734.5
5697.0,-28.056112224447567,187733.0
5669.0,-28.070175438598028,188731.0
5641.0,-26.01300650324244,189728.5
5615.0,-28.01400700350461,190728.0
5587.0,-27.02702702703254,191727.5
5560.0,-24.03605408111809,192726.5
5536.0,-22.9770229770183,193725.0
5513.0,-25.05010020041103,194726.0
5488.0,-29.058116232463554,195724.0
5459.0,-26.986506746623935,196722.0
5432.0,-26.10441767068025,197722.5
5406.0,-27.520640480358217,198718.5
5351.0,-27.01350675337944,200717.0
5324.0,-27.555110220439577,201716.5
5269.0,-26.01300650325428,203712.5
5243.0,-27.040560841270167,204712.0
5216.0,-27.040560841257854,205710.5
5189.0,-27.01350675337944,206709.0
5162.0,-26.0521042084156,207708.5
5136.0,-26.758896878128503,208706.5
4842.0,-26.07823470411643,219693.5
4816.0,-25.02502502501874,220690.5
4791.0,-26.01300650325428,221689.5
4765.0,-28.070175438598028,222689.0
4737.0,-27.054108216431583,223686.5
4710.0,-25.062656641605383,224684.5
4685.0,-25.01250625312911,225682.0
4660.0,-26.01300650324836,226681.5
4608.0,-25.311845579531603,228680.5
4330.0,-25.029200734192045,239663.5
4255.0,-25.037556334498014,242660.0
4230.0,-25.02502502503013,243658.5
4205.0,-24.53066332916212,244657.5
4156.0,-25.02502502501874,246655.0
4131.0,-21.02102102102531,247654.0
4110.0,-29.058116232463554,248653.0
4081.0,-27.01350675337944,249651.0
4054.0,-28.042063094637776,250650.5
4026.0,-26.01300650325428,251649.0
4000.0,-26.03905858787793,252648.5
3974.0,-26.0521042084156,253647.0
3948.0,-25.043826696722498,254645.0
3898.0,-26.065162907269595,256641.5
3872.0,-24.97502497501989,257639.0
3847.0,-24.04809619238363,258640.0
3823.0,-25.037556334498014,259638.0
3798.0,-24.98750624688537,260636.5
3773.0,-25.062656641605383,261637.0
3748.0,-26.0521042084156,262634.5
3722.0,-26.026026026019487,263632.5
3696.0,-26.02602602603133,264631.5
3670.0,-26.0521042084156,265630.5
3644.0,-24.987506246874016,266628.5
3619.0,-25.062656641605383,267629.0
3594.0,-24.48236632536933,268626.5
3325.0,-23.0,279614.0
3302.0,-23.011505752878783,280614.0
3279.0,-22.01100550275362,281613.5
3257.0,-25.050100200399616,282613.0
3232.0,-23.541197094913787,283611.0
3185.0,-22.0,285607.5
3163.0,-24.060150375941166,286607.5
3139.0,-22.01100550275362,287605.0
3117.0,-24.04809619238363,288604.5
3093.0,-26.986506746623935,289602.5
3066.0,-23.046092184367645,290603.0
3043.0,-22.016512384291584,291601.0
2999.0,-25.025025025024437,293599.5
2949.0,-24.072216649953628,295597.5
2925.0,-25.93516209476168,296594.5
2899.0,-23.03455182773817,297597.0
2876.0,-25.037556334498014,298595.5
2851.0,-24.072216649953628,299594.0
2827.0,-23.952095808384364,300591.0
2803.0,-24.0842950326094,301593.0
2779.0,-24.060150375941166,302589.5
2755.0,-23.0,303587.0
2732.0,-23.069207622872227,304587.0
2709.0,-20.968547179234275,305584.0
2688.0,-24.0842950326094,306585.5
2664.0,-22.01100550275362,307582.0
2642.0,-24.012006003003947,308581.5
2618.0,-23.069207622861704,309581.0
2595.0,-23.0,310578.0
2572.0,-25.03755633450941,311578.0
2547.0,-25.01250625311773,312576.5
2522.0,-23.523523523522968,313576.0
2475.0,-23.02302302302772,315574.0
2452.0,-23.046092184367645,316573.0
2429.0,-23.028785982478727,317571.0
2383.0,-22.03304957435825,319568.5
2361.0,-22.0,320567.0
2339.0,-23.046092184367645,321567.0
2316.0,-23.0403205609847,322565.0
2270.0,-21.98900549724913,324561.5
2248.0,-22.851465474417203,325562.0
2225.0,-23.988005996999057,326568.5
2201.0,-23.267577137078007,327569.0
2178.0,-22.79484638255666,328557.5
2155.0,-23.22059565876093,329566.5
2132.0,-22.840119165837724,330557.0
2109.0,-21.212121212116145,331564.0
2088.0,-21.52690863579533,332554.0
2045.0,-20.025031289111936,334551.5
2005.0,-20.885131775241263,336549.0
1984.0,-22.18860312657394,337554.5
1962.0,-24.850894632210263,338546.0
1937.0,-23.12719959778217,339552.0
1914.0,-21.96704942586448,340546.5
1892.0,-21.97253433208429,341548.0
1848.0,-23.23232323231768,343550.5
1825.0,-20.895522388066887,344540.5
1804.0,-20.110608345897536,345545.5
1784.0,-18.7007874015734,346540.0
1765.0,-23.469387755101604,347556.0
1742.0,-22.055137844612734,348536.0
1720.0,-22.01100550275362,349533.5
1698.0,-23.046092184367645,350533.0
1675.0,-20.97902097902624,351531.0
1654.0,-22.05513784460268,352532.0
1632.0,-22.044088176361704,353529.5
1610.0,-21.98900549724913,354527.5
1588.0,-22.04408817635166,355528.0
1566.0,-22.02202202201649,356526.0
1544.0,-22.044088176361704,357525.0
1522.0,-23.011505752868317,358523.0
1499.0,-21.031547320987908,359522.5
1478.0,-22.055137844612734,360521.0
1456.0,-22.0,361518.5
1434.0,-22.02202202201649,362518.5
1412.0,-21.04208416833568,363517.5
1391.0,-22.0,364515.5
1369.0,-22.01100550275362,365515.5
1347.0,-21.03154732097833,366515.0
1326.0,-20.04008016032426,367513.5
1286.0,-22.014676450966963,369509.5
1220.0,-22.6969292389846,372507.5
1152.0,-23.529411764706524,375503.5
1105.0,-20.02002002001499,377501.0
1085.0,-22.022022022026512,378500.0
1063.0,-22.23970251716259,379499.0
752.0,-25.02502502501874,393483.0
727.0,-22.04408817635166,394482.0
705.0,-20.0,395480.0
685.0,-19.0190190190229,396480.0
666.0,-18.04511278195588,397479.0
648.0,-22.011005502748613,398476.5
604.0,-24.060150375941166,400475.5
580.0,-21.516137102825518,401473.0
537.0,-9.009009009010846,403471.5
528.0,-6.0060060060072304,404470.5
522.0,-5.002501250623546,405469.5
517.0,-6.0060060060072304,406469.0
511.0,-6.0,407468.0
505.0,-5.511022044087915,408468.0
494.0,-4.997501249374803,410464.0
489.0,-5.012531328321076,411464.5
484.0,-6.0060060060072304,412462.0
478.0,-6.006006006004497,413461.0
472.0,-5.002501250625823,414460.0
467.0,-5.506883604505783,415459.5
456.0,-5.012531328321076,417457.0
451.0,-7.0,418454.5
444.0,-7.010515773659444,419454.5
437.0,-5.010020040079923,420453.0
432.0,-5.99700149925249,421451.0
426.0,-5.005005005003747,422451.5
421.0,-6.0,423450.5
415.0,-5.0050050050060255,424450.5
410.0,-5.002501250623546,425449.5
405.0,-5.0050050050060255,426449.0
400.0,-7.010515773659444,427448.0
393.0,-6.015037593985292,428446.5
387.0,-7.010515773659444,429444.0
380.0,-6.003001500750987,430442.5
374.0,-7.0,431442.0
367.0,-7.007007007008436,432442.0
360.0,-6.009013520279523,433441.0
354.0,-7.017543859649507,434439.5
347.0,-6.0060060060072304,435437.0
341.0,-7.014028056111892,436436.0
327.0,-6.989515726408252,438432.0
320.0,-7.007007007008436,439433.5
313.0,-6.989515726411425,440432.5
306.0,-7.513148009015039,441434.0
291.0,-6.506506506506352,443430.5
278.0,-7.007007007008436,445428.5
271.0,-8.024072216647548,446427.5
263.0,-7.0,447424.5
256.0,-8.008008008009641,448424.5
248.0,-7.010515773659444,449423.5
241.0,-7.010515773662636,450422.0
234.0,-7.003501750872965,451420.5
227.0,-7.007007007008436,452420.0
220.0,-7.021063189569808,453419.0
213.0,-7.0,454416.0
206.0,-8.0,455416.0
198.0,-7.021063189566605,456416.0
191.0,-6.0,457413.0
185.0,-1.00162764492299,458413.0
181.0,0.0,462406.5
181.0,0.0,463407.5
181.0,0.0,464406.0
181.0,0.0,465405.0
181.0,0.0,466404.0
181.0,0.0,467401.5
181.0,-1.0005002501251643,468401.5
180.0,0.0,469401.0
180.0,0.0,470399.5
180.0,0.0,471398.5
180.0,0.0,472398.0
180.0,0.0,473397.0
180.0,0.0,474395.5
180.0,0.0,475394.5
180.0,0.0,476393.5
180.0,0.0,478391.5
180.0,0.0,479392.5
180.0,-1.0015022533803766,481388.5
179.0,0.0,482387.0
179.0,0.0,484383.5
179.0,0.0,485383.0
179.0,0.0,486382.0
179.0,0.0,487381.5
179.0,0.0,488380.5
179.0,1.0010010010012051,489379.5
180.0,0.0,490378.5
180.0,0.0,491377.5
180.0,0.0,493376.0
180.0,0.0,494375.0
180.0,0.0,495374.0
180.0,0.0,496373.0
180.0,0.0,497371.5
180.0,0.0,498370.5
180.0,0.0,499369.5
180.0,0.0,500369.0
180.0,0.0,503365.5
180.0,0.0,504364.5
180.0,0.5006257822277984,505363.5
181.0,0.0,507361.0
181.0,0.0,508360.0
181.0,0.0,509359.0
181.0,0.0,510357.0
181.0,0.0,511357.0
181.0,0.0,512357.5
181.0,0.0,513356.0
181.0,0.0,514355.5
181.0,0.0,515353.5
181.0,-1.0,516352.0
180.0,0.0,517352.0
180.0,0.0,518350.0
180.0,0.0,519349.5
180.0,0.0,520347.5
180.0,0.0,521346.5
180.0,0.0,522346.0
180.0,0.0,524343.0
180.0,0.0,525342.0
180.0,0.0,526340.5
180.0,0.0,527340.5
180.0,0.0,528338.5
180.0,0.0,529338.5
180.0,0.0,530336.5
180.0,0.0,531336.0
180.0,0.0,532333.5
180.0,0.0,533332.0
180.0,0.0,534332.0
180.0,0.0,535331.5
180.0,0.0,536330.5
180.0,0.0,538329.0
180.0,0.0,539328.5
180.0,-0.5003752814610585,541326.5
179.0,0.0,543325.0
179.0,0.0,544324.0
179.0,0.0,545323.0
179.0,0.0,546322.0
179.0,0.0,547321.0
179.0,0.0,548319.5
179.0,0.0,549319.5
179.0,0.0,550318.0
179.0,0.0,551317.0
179.0,0.0,552316.0
179.0,0.0,553314.5
179.0,0.0,554313.5
179.0,0.0,555312.5
179.0,0.0,556310.5
179.0,0.0,557309.5
179.0,0.0,558308.0
179.0,0.0,559307.0
179.0,0.0,560305.0
179.0,0.0,562304.5
179.0,0.0,564302.0
179.0,0.0,565301.5
179.0,0.0,566300.0
179.0,0.0,567298.5
179.0,0.0,568298.0
179.0,0.0,569296.5
179.0,0.0,571294.5
179.0,1.0010010010007495,574291.0
180.0,0.0,575290.0
180.0,0.0,576288.5
180.0,0.0,577287.5
180.0,0.0,578286.5
180.0,0.0,579286.0
180.0,0.0,580284.0
180.0,0.0,581283.0
180.0,0.0,583280.5
180.0,0.0,584279.0
180.0,0.0,585278.5
180.0,-0.3336113427856101,586277.5
179.0,0.0,589275.0
179.0,0.0,590273.5
179.0,0.0,591273.0
179.0,0.5003752814610585,592271.0
180.0,0.0,594269.5
180.0,0.0,595268.0
180.0,0.0,596267.0
180.0,0.0,597267.0
180.0,0.0,598265.5
180.0,0.0,599265.0
180.0,0.0,600264.0
180.0,0.0,601263.0
180.0,0.0,602262.0
180.0,0.0,603261.0
180.0,0.0,605259.0
180.0,0.0,606258.0
180.0,0.0,608255.0
180.0,0.0,609254.5
180.0,-1.0015022533799205,610254.0
179.0,0.0,611252.5
179.0,0.0,612252.0
179.0,0.0,614250.0
179.0,-1.0005002501251643,615249.0
178.0,0.0,616248.5
178.0,0.0,617247.0
178.0,-1.0015022533803766,618246.0
177.0,0.0,619244.5
177.0,0.0,620243.5
177.0,0.0,621248.0
177.0,-1.0010010010012051,622241.0
176.0,0.0,623240.0
176.0,0.0,624239.5
176.0,0.0,625238.0
176.0,0.0,626237.0
176.0,0.0,627236.0
176.0,-1.0010010010012051,628234.5
175.0,0.0,629233.5
175.0,0.0,631230.5
175.0,0.0,632229.5
175.0,0.0,633228.0
175.0,0.0,635227.5
175.0,0.0,636227.0
175.0,0.0,637225.0
175.0,0.0,638224.5
175.0,0.0,640222.5
175.0,1.0010010010012051,641221.5
176.0,0.0,642220.5
176.0,0.5003752814611724,643219.0
177.0,0.0,645217.5
177.0,0.0,646217.0
177.0,0.0,647215.5
177.0,0.0,648214.0
177.0,0.0,649213.5
177.0,1.0010010010007495,650213.0
178.0,0.0,651212.0
178.0,0.0,653209.0
178.0,0.0,654208.0
178.0,0.0,655207.0
178.0,1.0,657204.5
179.0,0.0,658204.5
179.0,0.0,659204.0
179.0,0.0,661202.0
179.0,0.0,662200.5
179.0,0.0,663199.5
179.0,0.0,664198.5
179.0,0.0,665197.0
179.0,0.0,666196.5
179.0,1.0015022533799205,667195.5
180.0,0.0,668194.0
180.0,0.0,669192.5
180.0,0.0,671191.0
180.0,0.0,672189.5
180.0,0.0,674187.0
180.0,0.0,675186.5
180.0,0.0,676185.5
180.0,-1.0015022533799205,677184.0
179.0,0.0,678182.5
179.0,0.0,679181.0
179.0,0.0,681178.5
179.0,0.0,682177.0
179.0,0.0,683177.0
179.0,0.0,684175.0
179.0,-1.0010010010012051,685174.5
178.0,0.0,686173.5
178.0,0.0,687172.5
178.0,0.0,688171.0
178.0,0.0,689169.5
178.0,0.0,691167.0
178.0,0.0,693165.0
178.0,0.0,694163.5
178.0,0.0,697160.0
178.0,0.0,698159.0
178.0,0.0,699157.5
178.0,0.0,700156.5
178.0,0.0,701155.0
178.0,0.0,702154.0
178.0,0.0,703153.0
178.0,0.0,705150.0
178.0,0.0,706149.0
178.0,0.0,707147.5
178.0,0.0,708147.5
178.0,0.0,709147.0
178.0,0.0,710145.5
178.0,0.0,711144.5
178.0,0.0,712143.5
178.0,0.0,713141.5
178.0,0.0,714140.5
178.0,0.0,715139.0
178.0,0.0,716138.5
178.0,0.0,718136.0
178.0,0.0,719134.0
178.0,0.0,720133.0
178.0,0.0,722130.5
178.0,0.0,723129.5
178.0,0.0,724128.0
178.0,0.0,725127.0
178.0,0.0,726126.5
178.0,0.0,727125.0
178.0,0.0,728122.5
178.0,0.0,729121.0
178.0,0.0,730120.5
178.0,0.0,731120.0
178.0,0.0,732118.5
178.0,0.0,733117.5
178.0,0.0,734116.5
178.0,0.0,735115.0
178.0,0.0,736114.0
178.0,0.0,737113.0
178.0,0.0,739110.5
178.0,0.0,741109.5
178.0,0.0,742107.5
178.0,0.0,743106.0
178.0,0.0,744105.0
178.0,0.0,745104.5
178.0,0.0,747102.0
178.0,0.0,748100.5
178.0,0.0,749099.5
178.0,0.0,750098.5
178.0,0.0,751097.0
178.0,0.0,752096.0
178.0,0.0,753094.5
178.0,0.0,754093.5
178.0,-0.9995002498749608,756090.5
177.0,0.0,757091.0
177.0,0.0,758090.0
177.0,0.0,760087.5
177.0,0.0,761087.0
177.0,0.0,762086.0
177.0,-1.0010010010012051,763085.0
176.0,0.0,764084.0
176.0,0.0,765083.5
176.0,0.0,766082.5
176.0,0.0,767081.5
176.0,0.0,769079.5
176.0,0.0,770078.5
176.0,0.0,771078.0
176.0,0.0,773075.5
176.0,0.0,774074.5
176.0,0.0,775073.5
176.0,0.0,776072.5
176.0,0.0,777071.0
176.0,1.0,778069.0
177.0,0.0,779069.0
177.0,0.0,780067.5
177.0,0.0,782066.5
177.0,0.0,783065.0
177.0,0.0,784064.0
177.0,1.0,785063.0
178.0,0.0,786063.0
178.0,0.0,788059.5
178.0,0.0,789059.0
178.0,0.0,790058.0
178.0,0.0,791056.5
178.0,1.0015022533803766,792056.0
179.0,0.0,793054.5
179.0,0.0,794053.5
179.0,0.0,795052.5
179.0,0.0,797050.0
179.0,0.0,798050.0
179.0,0.0,799047.5
179.0,0.0,800046.5
179.0,0.0,801046.0
179.0,0.0,802043.0
179.0,0.0,803042.0
179.0,0.0,804041.5
179.0,0.0,805040.5
179.0,0.0,806040.5
179.0,0.0,807040.0
179.0,0.0,808038.5
179.0,0.0,809037.0
179.0,0.0,810036.5
179.0,0.0,811035.5
179.0,0.0,812034.0
179.0,0.0,813033.5
179.0,0.0,814032.0
179.0,0.0,815031.5
179.0,0.0,817029.5
179.0,-1.0010010010007495,818027.5
178.0,0.0,819026.5
178.0,0.0,820025.5
178.0,0.0,821024.5
178.0,0.0,822024.0
178.0,0.0,823022.5
178.0,0.0,825021.0
178.0,0.0,826019.5
178.0,-0.5006257822276844,827018.5
177.0,0.0,829016.0
177.0,0.0,830015.5
177.0,0.0,831014.5
177.0,0.0,832014.0
177.0,0.0,833012.5
177.0,0.0,834012.0
177.0,0.0,836009.5
177.0,0.0,837008.5
177.0,0.0,839006.5
177.0,0.0,840005.5
177.0,0.0,841005.0
177.0,0.0,842003.5
177.0,0.0,843002.5
177.0,0.0,853990.0
177.0,0.0,854989.5
177.0,0.0,855988.0
177.0,0.0,856988.0
177.0,0.0,857986.5
177.0,0.0,858985.0
177.0,0.0,860983.5
177.0,0.0,861982.0
177.0,0.0,862980.5
177.0,0.0,863979.0
177.0,0.3337226764558433,865977.0
178.0,0.0,868973.5
178.0,0.0,869972.0
178.0,0.0,870971.5
178.0,0.0,871970.0
178.0,0.0,872969.0
178.0,1.0010010010012051,874966.0
179.0,0.0,875965.0
179.0,0.0,876963.5
179.0,0.0,877961.5
179.0,0.0,878962.0
179.0,0.0,879961.0
179.0,0.0,880960.0
179.0,0.0,881959.0
179.0,0.0,882957.5
179.0,0.0,883956.5
179.0,0.0,884955.5
179.0,0.0,885955.0
179.0,0.0,886953.0
179.0,0.0,887952.0
179.0,0.0,888951.0
179.0,0.0,890948.0
179.0,1.0010010010007495,891947.5
180.0,0.0,892946.5
180.0,0.0,893945.0
180.0,0.0,894944.0
180.0,0.0,895943.5
180.0,0.0,896941.5
180.0,0.0,897940.5
180.0,0.0,898938.5
180.0,0.0,900935.5
180.0,0.0,901934.5
180.0,-1.0,902933.5
179.0,0.0,903933.5
179.0,0.0,904932.0
179.0,0.0,905931.0
179.0,0.0,906929.5
179.0,0.0,907928.5
179.0,0.0,910924.5
179.0,0.0,911923.5
179.0,0.0,912921.5
179.0,0.0,913921.0
179.0,0.0,914920.0
179.0,0.0,916917.5
179.0,-1.0010010010012051,917917.0
178.0,0.0,918916.0
178.0,0.0,920915.0
178.0,0.0,921913.0
178.0,0.0,922911.5
178.0,0.0,923909.5
178.0,0.0,925907.5
178.0,-1.0,926906.0
177.0,0.0,927906.0
177.0,0.0,928905.0
177.0,0.0,930903.0
177.0,0.0,932900.5
177.0,0.0,933899.5
177.0,0.0,934899.5
177.0,0.0,935897.0
177.0,0.0,936896.0
177.0,0.0,937895.0
177.0,0.0,938893.5
177.0,0.0,939892.5
177.0,-1.0010010010007495,940891.5
176.0,0.0,941890.5
176.0,0.0,942889.0
176.0,0.0,943888.0
176.0,-1.0015022533799205,945885.5
175.0,0.0,946884.0
175.0,0.0,947883.0
175.0,0.0,948881.0
175.0,0.0,950879.5
175.0,0.0,951878.0
175.0,0.0,952877.5
175.0,0.0,953876.5
175.0,0.0,954875.0
175.0,0.0,955875.0
175.0,0.0,956873.5
175.0,0.0,957872.5
175.0,0.0,958871.5
175.0,0.0,959871.5
175.0,0.0,960869.5
175.0,0.0,961868.0
175.0,0.0,963866.0
175.0,0.0,964865.0
175.0,0.0,965864.0
175.0,0.0,966862.5
175.0,0.0,967861.0
175.0,0.0,968860.5
175.0,0.0,969859.0
175.0,0.0,971857.0
175.0,0.0,972855.0
175.0,0.0,973854.0
175.0,0.0,975851.5
175.0,1.0,976851.0
176.0,0.0,977851.0
176.0,0.0,978849.0
176.0,0.0,979848.0
176.0,0.0,980847.5
176.0,0.0,981845.5
176.0,0.0,982845.0
176.0,0.0,983844.5
176.0,0.0,984843.0
176.0,1.0015022533803766,985841.5
177.0,0.0,986840.0
177.0,0.0,987839.5
177.0,0.0,988837.5
177.0,0.0,989836.5
177.0,0.0,990835.5
177.0,0.0,992833.5
177.0,0.3337783711615382,993832.0
178.0,0.0,996828.0
178.0,0.0,997826.0
178.0,0.0,998825.0
178.0,0.0,999824.0
178.0,0.0,1000823.0
178.0,0.0,1001822.5
178.0,0.0,1002821.5
178.0,0.0,1003820.5
178.0,0.0,1004819.0
178.0,0.0,1005818.5
178.0,1.0010010010012051,1006816.5
179.0,0.0,1007815.5
179.0,0.0,1008814.5
179.0,0.0,1010811.5
179.0,0.0,1012809.0
179.0,0.0,1014807.0
179.0,0.0,1015805.5
179.0,0.0,1016804.0
179.0,0.0,1017803.0
179.0,0.0,1018801.5
179.0,0.0,1019800.0
179.0,0.0,1020798.5
179.0,0.0,1022795.0
179.0,0.0,1023793.5
179.0,0.0,1024791.5
179.0,0.0,1025792.5
179.0,0.0,1027789.0
179.0,0.0,1028788.0
179.0,0.0,1029787.0
179.0,0.0,1030785.5
179.0,0.0,1031784.5
179.0,0.0,1033782.0
179.0,0.0,1034781.0
179.0,0.0,1035779.5
179.0,0.0,1036778.5
179.0,0.0,1037778.0
179.0,0.0,1038776.0
179.0,0.0,1039774.5
179.0,0.0,1040774.0
179.0,-1.0010010010007495,1042771.0
178.0,0.0,1043770.0
178.0,0.0,1044768.0
178.0,0.0,1045766.5
178.0,0.0,1046765.0
178.0,0.0,1047763.5
178.0,-1.0005002501247091,1048762.0
177.0,0.0,1049761.5
177.0,0.0,1050760.5
177.0,0.0,1051759.5
177.0,-0.5003752814610585,1052758.5
176.0,0.0,1054757.0
176.0,0.0,1055755.0
176.0,0.0,1056754.0
176.0,0.0,1057752.5
176.0,0.0,1058751.0
176.0,0.0,1059749.5
176.0,0.0,1060749.5
176.0,0.0,1064743.0
176.0,0.0,1065742.0
176.0,0.0,1066740.5
176.0,0.0,1067739.5
176.0,0.0,1068738.0
176.0,0.0,1069737.0
176.0,0.0,1070735.0
176.0,0.0,1071734.0
176.0,0.0,1072731.5
176.0,0.0,1074731.0
176.0,0.0,1075730.5
176.0,0.0,1076729.0
176.0,0.0,1077728.5
176.0,0.0,1078726.5
176.0,0.0,1079725.5
176.0,1.0020040080159849,1080724.5
177.0,0.0,1081722.5
177.0,0.0,1082722.0
177.0,0.0,1083721.0
177.0,0.0,1084720.5
177.0,0.0,1085719.5
177.0,0.0,1086717.5
177.0,0.0,1087717.0
177.0,0.0,1088715.5
177.0,0.0,1089714.5
177.0,0.0,1090713.0
177.0,0.0,1091712.5
177.0,0.0,1093710.0
177.0,0.0,1094707.5
177.0,0.0,1096704.5
177.0,0.0,1098703.0
177.0,0.0,1099703.0
177.0,0.0,1100703.5
177.0,0.0,1101700.5
177.0,0.0,1102698.5
177.0,0.0,1103697.5
177.0,0.0,1104696.5
177.0,0.0,1105695.5
177.0,1.0010010010007495,1107693.0
178.0,0.0,1108692.0
178.0,0.0,1109691.0
178.0,0.0,1111688.5
178.0,0.0,1112688.0
178.0,0.0,1113686.0
178.0,0.0,1114685.5
178.0,0.0,1115684.0
178.0,0.0,1116683.0
178.0,0.0,1117682.5
178.0,0.0,1118680.5
178.0,0.0,1119678.5
178.0,0.0,1120677.0
178.0,0.0,1121677.5
178.0,0.0,1122675.5
178.0,0.0,1123675.0
178.0,0.0,1124674.0
178.0,0.0,1125672.5
178.0,0.0,1126671.0
178.0,0.0,1127670.5
178.0,-1.0015022533799205,1128669.0
177.0,0.0,1129667.5
177.0,0.0,1130666.5
177.0,0.0,1131665.0
177.0,0.0,1132664.0
177.0,0.0,1133662.5
177.0,0.0,1134661.0
177.0,0.0,1135660.0
177.0,0.0,1136659.5
177.0,-0.5010020040079923,1137658.0
176.0,0.0,1139654.0
176.0,0.0,1140653.0
176.0,0.0,1141652.0
176.0,0.0,1142651.0
176.0,0.0,1143649.0
176.0,0.0,1144647.5
176.0,0.0,1145647.0
176.0,0.0,1146645.5
176.0,0.0,1147643.0
176.0,0.0,1148644.0
176.0,0.0,1149642.0
176.0,0.0,1150641.0
176.0,0.0,1151640.0
176.0,0.5006257822277984,1152638.0
177.0,0.0,1154635.5
177.0,0.0,1155634.5
177.0,0.0,1156633.0
177.0,0.0,1158630.5
177.0,0.0,1159629.5
177.0,0.0,1160629.5
177.0,0.0,1161627.5
177.0,0.0,1162626.5
177.0,0.0,1163625.5
177.0,1.0010010010007495,1164623.5
178.0,0.0,1165622.5
178.0,0.0,1166621.0
178.0,0.0,1167620.0
178.0,0.0,1168617.5
178.0,1.0010010010007495,1169617.0
179.0,0.0,1170616.0
179.0,0.0,1171614.0
179.0,0.0,1172614.5
179.0,0.0,1173613.0
179.0,0.0,1174612.0
179.0,0.0,1175611.0
179.0,0.0,1177608.5
179.0,0.0,1178607.5
179.0,0.0,1179606.0
179.0,0.0,1180605.5
179.0,0.0,1181604.0
179.0,-1.0015022533799205,1183601.5
178.0,0.0,1184600.0
178.0,0.0,1185599.0
178.0,0.0,1186598.0
178.0,0.0,1187596.5
178.0,0.0,1188595.5
178.0,0.0,1189594.5
178.0,0.0,1190593.5
178.0,0.0,1193589.5
178.0,0.0,1195586.5
178.0,0.0,1196587.0
178.0,0.0,1197586.0
178.0,0.0,1198585.0
178.0,0.0,1199584.0
178.0,0.0,1200583.0
178.0,0.0,1201581.0
178.0,0.0,1202580.0
178.0,0.0,1203578.5
178.0,0.0,1204577.0
178.0,0.0,1205576.5
178.0,0.0,1206574.5
178.0,0.0,1207573.0
178.0,0.0,1208571.5
178.0,0.0,1209570.5
178.0,0.0,1210569.5
178.0,-0.5006257822277984,1211567.5
177.0,0.0,1213565.0
177.0,0.0,1214563.5
177.0,0.0,1215562.5
177.0,0.0,1216561.0
177.0,0.0,1217559.0
177.0,0.0,1218557.0
177.0,0.0,1219556.0
177.0,0.0,1220558.5
177.0,0.0,1221554.0
177.0,-1.0015022533799205,1222552.5
176.0,1.0015022533799205,1223551.0
177.0,-0.5007511266900743,1224549.5
176.0,0.0,1226546.5
176.0,0.0,1228543.5
176.0,0.0,1229542.0
176.0,0.0,1230540.5
176.0,1.0015022533799205,1231539.5
177.0,0.0,1232538.0
177.0,0.0,1233536.5
177.0,0.0,1234535.0
177.0,0.0,1235533.5
177.0,0.0,1236532.0
177.0,0.0,1237530.5
177.0,0.0,1238529.0
177.0,0.0,1239528.5
177.0,0.0,1240526.0
177.0,0.0,1241524.5
177.0,0.0,1242522.5
177.0,0.0,1243520.5
177.0,0.0,1244520.0
177.0,0.0,1245518.5
177.0,0.0,1246518.0
177.0,0.0,1247517.0
177.0,0.0,1248515.0
177.0,0.0,1249514.0
177.0,0.0,1250512.5
177.0,0.0,1252509.0
177.0,0.0,1253508.0
177.0,0.0,1254506.0
177.0,0.0,1255504.5
177.0,0.0,1256503.0
177.0,0.0,1257501.0
177.0,-1.0020040080159849,1258500.0
176.0,0.0,1259498.0
176.0,0.0,1260497.0
176.0,0.0,1263491.5
176.0,0.0,1264491.0
176.0,0.0,1265490.0
176.0,0.0,1266486.5
176.0,0.0,1267485.5
176.0,-1.0010010010007495,1268483.5
175.0,0.0,1269482.5
175.0,0.0,1271481.0
175.0,0.0,1272479.5
175.0,0.0,1273477.5
175.0,1.0015022533803766,1275475.5
176.0,0.0,1276474.0
176.0,0.0,1277472.5
176.0,0.0,1278471.5
176.0,0.0,1279470.5
176.0,0.0,1280470.0
176.0,0.0,1281467.5
176.0,0.0,1282466.0
176.0,0.0,1283465.5
176.0,0.0,1284463.5
176.0,1.0015022533803766,1285462.5
177.0,0.0,1286461.0
177.0,0.0,1287460.0
177.0,0.0,1288458.5
177.0,0.0,1291453.0
177.0,0.0,1292452.5
177.0,0.0,1293451.0
177.0,0.0,1295449.5
177.0,0.0,1296447.5
177.0,0.0,1297447.0
177.0,0.0,1298445.5
177.0,0.0,1300443.0
177.0,0.0,1301441.5
177.0,0.0,1302440.0
177.0,0.0,1303438.5
177.0,0.0,1304437.0
177.0,0.0,1305435.5
177.0,0.0,1306434.5
177.0,1.0015022533803766,1307433.5
178.0,0.0,1308432.0
178.0,0.0,1310429.5
178.0,0.0,1311428.0
178.0,0.0,1312427.0
178.0,0.0,1313425.5
178.0,0.0,1314424.0
178.0,0.0,1315422.0
178.0,0.0,1316421.0
178.0,0.5002501250625823,1317420.0
179.0,0.0,1319419.0
179.0,0.0,1322415.5
179.0,0.0,1323414.0
179.0,0.0,1324413.0
179.0,0.0,1325412.5
179.0,0.0,1327409.5
179.0,0.0,1328408.0
179.0,0.0,1329406.5
179.0,0.0,1330406.0
179.0,1.0010010010012051,1331404.5
180.0,0.0,1332403.5
180.0,0.0,1333402.0
180.0,0.0,1334401.0
180.0,0.0,1335399.5
180.0,-1.0015022533799205,1336398.5
179.0,0.0,1337397.0
179.0,0.0,1339394.0
179.0,0.0,1340394.0
179.0,0.0,1341391.5
179.0,0.0,1342390.0
179.0,-1.0,1343389.0
178.0,0.0,1344389.0
178.0,0.0,1345387.5
178.0,0.0,1346386.0
178.0,-0.5005005005004887,1347384.5
177.0,0.0,1349382.5
177.0,0.0,1350381.5
177.0,0.0,1352379.5
177.0,-0.5006257822276844,1353378.0
176.0,0.0,1355375.5
176.0,0.0,1356375.0
176.0,0.0,1357374.0
176.0,0.0,1359371.0
176.0,0.0,1360369.5
176.0,0.0,1361369.5
176.0,0.0,1362367.5
176.0,0.0,1364364.0
176.0,0.0,1365362.5
176.0,0.0,1366361.0
176.0,0.0,1367360.0
176.0,0.0,1368359.0
176.0,0.0,1369358.0
176.0,0.0,1370356.5
176.0,0.0,1371355.0
176.0,0.0,1372354.0
176.0,0.0,1373352.5
176.0,0.0,1374351.5
176.0,0.0,1375350.5
176.0,0.0,1376349.0
176.0,0.0,1377347.5
176.0,0.0,1378346.0
176.0,0.0,1379344.5
176.0,0.5005005005004887,1381342.5
177.0,0.0,1383340.5
177.0,0.0,1384338.0
177.0,0.0,1385338.0
177.0,0.0,1386336.0
177.0,0.0,1387335.0
177.0,0.0,1388333.0
177.0,0.0,1390330.5
177.0,0.0,1391329.5
177.0,0.0,1393327.5
177.0,1.0015022533803766,1394326.0
178.0,0.0,1395324.5
178.0,0.0,1396323.5
178.0,0.0,1397322.0
178.0,0.0,1398320.5
178.0,0.0,1399319.0
178.0,0.0,1401316.5
178.0,0.0,1402315.0
178.0,1.0010010010007495,1403313.5
179.0,0.0,1404312.5
179.0,0.0,1405311.0
179.0,0.0,1406310.0
179.0,0.0,1407309.0
179.0,0.0,1408307.0
179.0,0.0,1409306.0
179.0,0.0,1410305.0
179.0,0.0,1411303.5
179.0,0.0,1412302.0
179.0,0.0,1413299.5
179.0,0.0,1414299.0
179.0,-1.0020040080159849,1415298.0
178.0,0.0,1416296.0
178.0,0.0,1417295.5
178.0,0.0,1418294.0
178.0,0.0,1420291.0
178.0,0.0,1421290.0
178.0,0.0,1422289.0
178.0,0.0,1424285.5
178.0,0.0,1427282.0
178.0,0.0,1428280.5
178.0,0.0,1429279.0
178.0,0.0,1430278.0
178.0,0.0,1431276.5
178.0,0.0,1433274.0
178.0,1.0010010010007495,1434271.5
179.0,0.0,1435270.5
179.0,0.0,1436269.5
179.0,0.0,1438267.0
179.0,0.0,1439264.5
179.0,0.0,1440263.5
179.0,0.0,1441263.0
179.0,0.0,1442261.5
179.0,0.0,1443260.0
179.0,-1.0,1444258.0
178.0,0.0,1445258.0
178.0,0.0,1446256.0
178.0,1.0015022533803766,1447254.5
179.0,0.0,1448253.0
179.0,0.0,1449252.0
179.0,-0.3337783711615888,1450250.5
178.0,0.0,1453246.5
178.0,0.0,1454245.0
178.0,0.0,1455243.5
178.0,0.0,1456242.5
178.0,0.0,1457240.5
178.0,0.0,1458239.5
178.0,-0.5011275369581577,1460237.5
177.0,0.0,1462233.0
177.0,0.0,1463232.0
177.0,0.0,1464229.5
177.0,0.0,1465228.5
177.0,0.0,1467226.5
177.0,0.0,1468225.5
177.0,0.0,1469224.0
177.0,0.0,1471221.5
177.0,0.0,1472220.5
177.0,0.0,1473219.0
177.0,0.0,1474217.0
177.0,0.0,1475216.0
177.0,0.0,1476214.0
177.0,0.0,1477212.5
177.0,0.0,1478211.5
177.0,0.0,1479209.5
177.0,0.0,1480208.5
177.0,0.0,1481206.5
177.0,0.0,1482205.5
177.0,0.0,1483204.0
177.0,0.0,1484202.5
177.0,0.0,1485201.5
177.0,0.0,1486199.0
177.0,0.0,1487197.5
177.0,0.0,1488195.5
177.0,0.0,1489193.5
177.0,0.0,1490193.5
177.0,0.0,1493189.5
177.0,0.0,1494188.0
177.0,0.0,1495187.0
177.0,0.0,1496185.5
177.0,0.0,1497184.5
177.0,0.0,1498183.0
177.0,0.0,1499181.5
177.0,0.0,1500180.0
177.0,0.0,1501178.5
177.0,-1.0020040080159849,1502177.5
176.0,0.0,1503175.5
176.0,0.0,1504174.5
176.0,0.0,1505173.0
176.0,0.0,1506171.5
176.0,0.0,1507170.0
176.0,0.0,1508169.0
176.0,1.0005002501251643,1509167.0
177.0,0.0,1510166.5
177.0,0.0,1511164.0
177.0,0.0,1512162.0
177.0,0.0,1513161.0
177.0,0.0,1514159.5
177.0,0.0,1515159.0
177.0,0.0,1516156.0
177.0,0.0,1517156.0
177.0,0.0,1518154.5
177.0,0.0,1519152.5
177.0,1.0025062656637582,1520152.5
178.0,0.0,1521150.0
178.0,0.0,1522148.5
178.0,0.0,1523147.5
178.0,0.0,1524146.0
178.0,0.0,1525144.5
178.0,0.0,1526143.0
178.0,0.0,1528140.0
178.0,0.0,1529138.5
178.0,0.0,1530137.0
178.0,0.0,1532134.5
178.0,0.0,1533133.0
178.0,0.0,1534132.0
178.0,0.0,1535130.0
178.0,0.0,1536128.0
178.0,0.0,1537126.5
178.0,0.0,1538125.5
178.0,0.0,1539124.0
178.0,0.0,1540124.0
178.0,0.0,1541122.5
178.0,0.0,1542121.0
178.0,0.0,1543119.5
178.0,0.0,1544118.5
178.0,0.0,1546115.5
178.0,0.0,1547114.5
178.0,0.0,1548113.0
178.0,0.0,1549111.5
178.0,1.0025062656642152,1550111.5
179.0,0.0,1551109.0
179.0,0.0,1552107.5
179.0,0.0,1553106.5
179.0,0.0,1554105.0
179.0,0.0,1555104.0
179.0,0.0,1557100.5
179.0,1.0005002501247091,1558099.0
180.0,0.0,1559098.5
180.0,0.0,1560095.0
180.0,0.0,1561093.5
180.0,0.5006257822277984,1562093.0
181.0,0.0,1564090.5
181.0,0.0,1565090.0
181.0,0.0,1566088.5
181.0,0.0,1567085.5
181.0,0.0,1568085.5
181.0,0.0,1569083.5
181.0,0.0,1570082.0
181.0,0.0,1571081.0
181.0,0.0,1572079.5
181.0,0.0,1573079.0
181.0,0.0,1574077.5
181.0,0.0,1575076.0
181.0,0.0,1576073.5
181.0,0.0,1577072.5
181.0,0.0,1578071.5
181.0,0.0,1579070.0
181.0,0.0,1580069.0
181.0,0.0,1582066.0
181.0,0.0,1583065.5
181.0,-1.0020040080159849,1584062.5
180.0,0.0,1585060.5
180.0,0.0,1586059.0
180.0,0.0,1587057.5
180.0,-1.0015022533803766,1589056.0
179.0,0.0,1590054.5
179.0,0.0,1591053.5
179.0,0.0,1593051.5
179.0,0.0,1594049.5
179.0,0.0,1595048.5
179.0,0.0,1596047.0
179.0,-1.0010010010007495,1597045.5
178.0,0.0,1598044.5
178.0,0.0,1600041.5
178.0,0.0,1601040.5
178.0,0.0,1602039.0
178.0,0.0,1604037.0
178.0,0.0,1605035.5
178.0,0.0,1606033.5
178.0,0.0,1608030.5
178.0,0.0,1609028.5
178.0,0.0,1610028.0
178.0,0.0,1611026.0
178.0,0.0,1613024.0
178.0,0.0,1614022.5
178.0,0.0,1615022.5
178.0,0.0,1616020.0
178.0,0.0,1618017.5
178.0,0.0,1619015.5
178.0,0.0,1621013.5
178.0,0.0,1622012.0
178.0,0.0,1623010.5
178.0,0.0,1624010.0
178.0,-1.0010010010007495,1625008.0
177.0,0.0,1626007.0
177.0,0.0,1627004.5
177.0,0.0,1629002.0
177.0,0.0,1630000.0
177.0,0.0,1631000.0
177.0,-1.0015022533799205,1631997.5
176.0,0.0,1632996.0
176.0,0.0,1634992.5
176.0,0.0,1635991.0
176.0,0.0,1636990.0
176.0,0.0,1638988.0
176.0,1.0015022533803766,1639986.5
177.0,0.0,1640985.0
177.0,0.0,1641982.5
177.0,0.0,1642982.0
177.0,0.0,1643981.0
177.0,0.0,1644978.5
177.0,0.0,1645977.0
177.0,0.0,1646975.5
177.0,0.0,1647974.5
177.0,0.0,1648973.5
177.0,0.0,1650970.5
177.0,0.0,1652967.5
177.0,0.0,1653966.5
177.0,0.0,1654965.0
177.0,0.0,1655963.0
177.0,0.0,1656962.0
177.0,0.0,1657959.5
177.0,1.0005002501251643,1658957.5
178.0,0.0,1659957.0
178.0,0.0,1660956.0
178.0,0.0,1661954.5
178.0,0.0,1662953.5
178.0,0.0,1664951.0
178.0,0.0,1665949.5
178.0,0.0,1666948.0
178.0,0.0,1667946.5
178.0,0.0,1669943.5
178.0,0.0,1670942.5
178.0,0.0,1671940.0
178.0,0.0,1673938.5
178.0,0.0,1674936.5
178.0,0.0,1675935.5
178.0,0.0,1676934.5
178.0,0.0,1677932.5
178.0,0.0,1678931.5
178.0,0.0,1679930.0
178.0,0.0,1680929.0
178.0,0.0,1681927.0
178.0,0.0,1682925.0
178.0,0.0,1684923.0
178.0,0.0,1685921.0
178.0,0.0,1687918.5
178.0,0.0,1688917.5
178.0,0.0,1689916.0
178.0,0.0,1690915.0
178.0,0.0,1691914.0
178.0,0.0,1692912.0
178.0,-1.0015022533803766,1693911.0
177.0,0.0,1694909.5
177.0,0.0,1695908.0
177.0,0.0,1696906.5
177.0,0.0,1697904.5
177.0,0.0,1698903.5
177.0,0.0,1699902.5
177.0,0.0,1700900.0
177.0,0.0,1701898.5
177.0,0.0,1704895.0
177.0,0.0,1705893.5
177.0,0.5007511266900743,1706891.0
178.0,0.0,1708888.0
178.0,0.0,1709886.5
178.0,0.0,1710886.0
178.0,0.0,1711884.5
178.0,0.0,1712883.5
178.0,0.0,1713882.0
178.0,0.0,1714881.5
178.0,0.0,1715879.5
178.0,0.0,1716877.5
178.0,0.0,1717876.5
178.0,0.0,1719874.0000000005
178.0,0.0,1721870.4999999995
178.0,0.0,1722869.0000000005
178.0,0.0,1723867.5
178.0,0.0,1724866.4999999995
178.0,0.0,1725865.0000000005
178.0,0.0,1726863.5
178.0,-1.0015022533794644,1727861.4999999995
177.0,0.0,1728860.0000000005
177.0,0.0,1729859.5
177.0,0.0,1730857.4999999995
177.0,0.0,1731855.0
177.0,0.0,1732854.0
177.0,0.0,1733852.4999999995
177.0,0.0,1734851.0
177.0,0.0,1735850.0
177.0,-0.5008765339343358,1736849.0
176.0,0.0,1738845.5
176.0,0.0,1739844.5
176.0,0.0,1740843.0000000005
176.0,0.0,1741841.5
176.0,0.0,1742840.0
176.0,0.5006257822279124,1743838.5000000005
177.0,0.0,1745836.0
177.0,0.0,1746834.0000000005
177.0,0.0,1747833.0
177.0,0.0,1748831.5
177.0,0.5047955577991508,1750844.5
178.0,0.0,1752825.4999999995
178.0,0.0,1753824.0
178.0,0.0,1755820.5000000005
178.0,0.0,1756819.0
178.0,0.0,1757818.0
178.0,0.0,1758816.4999999995
178.0,0.0,1759816.0000000005
178.0,0.0,1760814.5
178.0,0.0,1761812.9999999995
178.0,0.0,1762811.5000000005
178.0,0.0,1763810.0
178.0,0.0,1764808.4999999995
178.0,0.0,1765807.4999999995
178.0,0.0,1766805.5
178.0,0.0,1767803.9999999995
178.0,0.0,1768802.5000000005
178.0,0.0,1769801.0
178.0,0.0,1770799.4999999995
178.0,0.0,1772796.5
178.0,0.0,1773794.9999999995
178.0,0.0,1774794.0000000005
178.0,0.0,1775792.0
178.0,0.0,1776790.4999999995
178.0,0.0,1777789.0000000005
178.0,0.0,1778787.5
178.0,0.0,1779785.9999999995
178.0,0.0,1780785.0000000005
178.0,0.0,1781782.5
178.0,0.0,1782780.9999999995
178.0,0.0,1783779.5
178.0,0.0,1784779.5
178.0,0.0,1786776.0000000005
178.0,0.0,1787775.0
178.0,0.0,1789771.9999999995
178.0,0.0,1790770.5
178.0,0.0,1791769.5
178.0,0.5007511266899602,1792767.4999999995
179.0,0.0,1794764.5
179.0,0.0,1795762.9999999995
179.0,0.0,1797760.0
179.0,0.0,1798758.4999999995
179.0,0.0,1799757.5000000005
179.0,0.0,1800755.5
179.0,0.0,1801753.9999999995
179.0,0.0,1802752.0
179.0,0.0,1803751.0
179.0,0.0,1804751.5
179.0,0.0,1806745.4999999995
179.0,0.0,1807745.4999999995
179.0,0.0,1808745.4999999995
179.0,0.0,1809744.0000000005
179.0,0.0,1810742.0
179.0,-0.5011275369581577,1811742.5
178.0,0.0,1813738.0
178.0,0.0,1814735.5000000005
178.0,0.0,1815733.5
178.0,0.0,1816732.5
178.0,0.0,1817731.0
178.0,0.0,1818729.5
178.0,0.0,1819733.0
178.0,0.0,1820726.5
178.0,0.0,1821725.5
178.0,0.0,1822723.5
178.0,1.0015022533794644,1825719.0
179.0,0.0,1826717.5
179.0,0.0,1827717.0
179.0,0.0,1828714.0
179.0,0.0,1829713.0
179.0,0.0,1830710.5
179.0,0.0,1831709.0
179.0,0.0,1832707.5
179.0,0.0,1833707.0
179.0,0.0,1835704.0
179.0,0.0,1836703.5
179.0,0.0,1837701.0
179.0,0.0,1839697.5
179.0,0.0,1840696.0
179.0,0.0,1841694.0
179.0,0.0,1842692.5
179.0,0.0,1843691.0
179.0,0.0,1844690.0
179.0,0.0,1845688.0
179.0,0.0,1846686.5
179.0,0.0,1847685.0
179.0,0.0,1848683.0
179.0,0.0,1849682.0
179.0,0.0,1850681.0
179.0,0.0,1851678.5
179.0,0.0,1852677.0
179.0,1.0015022533794644,1853674.0
180.0,0.0,1854672.5
180.0,0.0,1855670.5
180.0,0.0,1856669.0
180.0,0.0,1857668.0
180.0,0.0,1858669.0
180.0,0.0,1859665.0
180.0,-1.0030090270818586,1860664.5
179.0,0.0,1861661.5
179.0,0.0,1862660.5
179.0,0.0,1863658.5
179.0,0.0,1864658.0
179.0,0.0,1865655.0
179.0,0.0,1866656.5
179.0,0.0,1867652.0
179.0,0.0,1869649.0
179.0,0.0,1870648.0
179.0,0.0,1872645.0
179.0,0.0,1873642.5
179.0,0.0,1874641.0
179.0,0.0,1875639.5
179.0,0.0,1876639.0
179.0,0.0,1877636.5
179.0,0.0,1878634.0
179.0,0.0,1879633.0
179.0,0.0,1880630.5
179.0,0.0,1881630.5
179.0,0.0,1883627.5
179.0,0.0,1884626.0
179.0,0.0,1885624.0
179.0,0.0,1886622.5
179.0,0.0,1888619.0
179.0,0.0,1889617.5
179.0,0.0,1890615.5
179.0,0.0,1891614.0
179.0,0.0,1892612.5
179.0,0.0,1893611.0
179.0,0.0,1894610.5
179.0,0.0,1895608.5
179.0,0.0,1896607.0
179.0,0.0,1897605.0
179.0,1.0015022533794644,1899602.5
180.0,0.0,1900601.0
180.0,0.0,1901600.0
180.0,0.0,1902597.0
180.0,0.0,1903595.5
180.0,0.0,1904594.0
180.0,0.0,1905592.5
180.0,0.0,1906592.0
180.0,0.0,1908589.0
180.0,0.0,1909587.5
180.0,-0.2504069112307189,1910586.0
179.0,0.0,1914579.5
179.0,0.0,1915579.0
179.0,0.0,1917575.0
179.0,0.0,1919572.0
179.0,0.0,1920572.0
179.0,0.0,1921568.0
179.0,0.0,1922567.0
179.0,0.0,1923565.0
179.0,0.0,1924563.5
179.0,0.0,1925562.0
179.0,0.0,1926560.0
179.0,0.0,1927558.5
179.0,0.0,1928556.5
179.0,0.0,1930554.5
179.0,0.0,1932550.5
179.0,-1.0015022533803766,1933548.5
178.0,0.0,1934547.0
178.0,0.0,1935545.5
178.0,0.0,1936544.0
178.0,0.0,1938541.0
178.0,0.0,1939541.0
178.0,-1.002004008015528,1941536.0
177.0,0.0,1942534.0
177.0,0.0,1943532.5
177.0,0.0,1944531.0
177.0,0.0,1945529.0
177.0,0.0,1946527.5
177.0,0.0,1947526.0
177.0,0.0,1949522.5
177.0,0.0,1950521.0
177.0,0.0,1951518.5
177.0,-0.5010020040082206,1952517.0
176.0,0.0,1954513.0
176.0,0.0,1955513.0
176.0,0.0,1956512.0
176.0,0.0,1957510.5
176.0,0.0,1958509.0
176.0,0.0,1959507.0
176.0,0.0,1960505.5
176.0,0.0,1961504.0
176.0,0.0,1962502.0
176.0,1.0015022533803766,1963501.0
177.0,0.0,1964499.5
177.0,0.0,1965497.5
177.0,0.0,1966496.0
177.0,0.0,1967494.0
177.0,0.0,1968492.5
177.0,0.0,1970489.5
177.0,1.002004008015528,1971488.0
178.0,0.0,1972486.0
178.0,0.0,1973485.0
178.0,0.0,1974483.5
178.0,0.0,1975481.5
178.0,0.0,1976479.0
178.0,0.0,1977477.5
178.0,1.0025062656646724,1978476.5
179.0,0.0,1979474.0
179.0,0.0,1981472.5
179.0,0.0,1982470.5
179.0,0.0,1983469.0
179.0,0.3338340844600241,1984467.0
180.0,0.0,1987462.5
180.0,0.0,1988461.0
180.0,0.0,1989458.5
180.0,0.0,1990457.5
180.0,0.0,1991456.0
180.0,0.0,1992454.0
180.0,0.0,1993452.5
180.0,0.0,1994451.0
180.0,0.0,1995449.0
180.0,0.0,1996447.5
180.0,0.0,1997445.0
180.0,0.0,1999443.5
180.0,0.0,2000439.5
180.0,0.0,2001438.0
180.0,0.0,2003434.5
180.0,0.0,2004434.0
180.0,0.0,2005432.5
180.0,0.0,2006430.5
180.0,0.0,2007428.5
180.0,0.0,2008427.0
180.0,0.0,2009425.5
180.0,0.0,2010423.5
180.0,0.0,2011422.0
180.0,0.0,2012420.5
180.0,0.0,2013418.5
180.0,0.0,2014417.0
180.0,-1.0015022533794644,2015415.0
179.0,0.0,2016413.5
179.0,0.0,2017412.0
179.0,0.0,2018410.0
179.0,0.0,2020407.0
179.0,0.0,2021405.0
179.0,0.0,2022403.5
179.0,0.0,2023402.0
179.0,0.0,2024400.0
179.0,-1.002004008015528,2025397.5
178.0,0.0,2026395.5
178.0,0.0,2027394.0
178.0,0.0,2028393.0
178.0,0.0,2029391.5
178.0,0.0,2030390.5
178.0,0.0,2031388.0
178.0,0.0,2032386.5
178.0,0.0,2034383.5
178.0,1.002004008015528,2036379.5
179.0,0.0,2037377.5
179.0,0.0,2038375.5
179.0,0.0,2039374.0
179.0,0.0,2040372.5
179.0,0.0,2041370.0
179.0,0.0,2042368.5
179.0,0.0,2043367.0
179.0,0.0,2044365.0
179.0,0.0,2045363.0
179.0,0.0,2046361.0
179.0,0.0,2047359.5
179.0,0.0,2048358.0
179.0,0.0,2049356.0
179.0,0.0,2050353.5
179.0,0.0,2052350.0
179.0,0.0,2053349.5
179.0,0.0,2055346.5
179.0,-1.002004008015528,2056344.5
178.0,1.0015022533803766,2057342.5
179.0,-1.0,2058341.0
178.0,0.0,2059341.0
178.0,0.0,2060337.5
178.0,0.0,2061336.0
178.0,0.0,2062334.5
178.0,0.0,2064331.0
178.0,0.0,2065329.0
178.0,0.0,2066327.5
178.0,0.0,2067326.5
178.0,0.0,2068324.5
178.0,0.0,2070320.5
178.0,0.5011275369581577,2072317.5
179.0,0.0,2074313.0
179.0,0.0,2075311.5
179.0,0.0,2076310.0
179.0,0.0,2077308.5
179.0,0.0,2078308.0
179.0,-1.002004008015528,2080304.0
178.0,0.0,2081302.0
178.0,0.0,2082300.5
178.0,0.0,2085296.0
178.0,0.0,2086294.0
178.0,0.0,2087292.5
178.0,-1.002004008015528,2088290.5
177.0,0.0,2089288.5
177.0,0.0,2090287.0
177.0,0.0,2091285.0
177.0,0.0,2092283.5
177.0,0.0,2093281.0
177.0,0.0,2094279.5
177.0,-1.0015022533794644,2095277.5
176.0,0.0,2096276.0
176.0,0.0,2097274.0
176.0,0.0,2098271.5
176.0,0.0,2099270.0
176.0,0.0,2100268.0
176.0,0.0,2101266.0
176.0,0.0,2102265.0
176.0,0.0,2103264.5
176.0,0.0,2106258.5
176.0,0.0,2108255.5
176.0,0.0,2109254.5
176.0,0.3338898163606131,2111251.0
177.0,0.0,2114246.0
177.0,0.0,2115244.5
177.0,0.0,2116242.5
177.0,0.0,2118240.5
177.0,0.0,2119239.0
177.0,1.0015022533803766,2120235.5
178.0,0.0,2121234.0
178.0,0.0,2122232.0
178.0,0.0,2123229.0
178.0,0.0,2124227.5
178.0,0.0,2125226.0
178.0,0.0,2126224.5
178.0,0.0,2127223.0
178.0,0.0,2128221.0
178.0,0.0,2129220.0
178.0,0.0,2131216.0
178.0,1.0020040080164412,2133213.0
179.0,0.0,2134211.0
179.0,0.0,2135209.5
179.0,0.0,2136208.0
179.0,0.0,2140202.0
179.0,0.0,2141199.5
179.0,0.0,2142198.0
179.0,0.0,2143196.5
179.0,0.0,2144195.0
179.0,0.0,2145193.0
179.0,0.0,2148187.0
179.0,0.0,2149186.5
179.0,0.0,2152181.5
179.0,0.0,2153179.5
179.0,0.0,2154177.5
179.0,0.0,2155176.0
179.0,0.0,2156174.0
179.0,0.0,2157172.5
179.0,0.0,2158171.0
179.0,0.0,2159169.5
179.0,0.0,2160167.5
179.0,0.0,2161166.0
179.0,0.0,2162163.5
179.0,0.0,2164161.0
179.0,0.0,2165159.0
179.0,0.5008765339343358,2166157.5
180.0,0.0,2168154.0
180.0,0.0,2169152.5
180.0,0.0,2171148.0
180.0,0.0,2172145.5
180.0,0.0,2173144.0
180.0,0.0,2174142.5
180.0,0.0,2175140.5
180.0,1.0020040080164412,2176140.0
181.0,0.0,2177138.0
181.0,0.0,2178136.5
181.0,0.0,2179135.5
181.0,0.0,2180133.5
181.0,0.0,2181131.5
181.0,0.0,2183127.5
181.0,0.0,2185124.0
181.0,0.0,2186122.5
181.0,0.0,2187120.5
181.0,0.0,2188119.0
181.0,0.0,2189116.5
181.0,0.0,2190115.5
181.0,0.0,2191114.0
181.0,0.0,2192111.5
181.0,0.0,2193109.5
181.0,0.0,2194108.0
181.0,0.0,2196104.0
181.0,0.0,2197102.5
181.0,0.0,2198101.0
181.0,-0.5003752814609446,2199099.0
180.0,0.0,2201097.5
180.0,0.0,2202095.5
180.0,0.0,2203093.5
180.0,0.0,2204092.5
180.0,0.0,2205090.0
180.0,0.0,2206089.0
180.0,0.0,2207086.5
180.0,0.0,2208084.5
180.0,0.0,2209083.5
180.0,0.0,2210081.0
180.0,0.0,2211080.5
180.0,0.0,2212077.0
180.0,0.0,2213075.0
180.0,0.0,2214074.0
180.0,0.0,2215071.5
180.0,0.0,2216069.5
180.0,0.0,2218066.0
180.0,0.0,2219064.0
180.0,0.0,2220062.0
180.0,0.0,2221060.0
180.0,0.0,2222058.5
180.0,0.0,2223056.0
180.0,0.0,2224055.0
180.0,0.0,2225054.5
180.0,0.0,2226052.0
180.0,0.0,2227050.5
180.0,0.0,2228049.0
180.0,0.0,2229047.0
180.0,0.0,2230045.5
180.0,0.0,2231043.5
180.0,0.0,2232042.0
180.0,0.0,2234038.0
180.0,0.0,2235037.0
180.0,0.0,2237033.0
180.0,0.0,2238031.0
180.0,0.0,2239030.5
180.0,0.0,2240028.5
180.0,0.0,2241026.0
180.0,0.0,2242025.0
180.0,0.0,2243023.0
180.0,0.0,2244021.0
180.0,0.0,2245019.0
180.0,0.0,2246017.0
180.0,0.0,2247015.0
180.0,0.0,2248013.5
180.0,0.0,2250010.5
180.0,0.0,2251009.0
180.0,0.0,2252007.0
180.0,0.0,2253006.0
180.0,0.0,2254003.5
180.0,0.0,2255001.5
180.0,0.0,2256000.0
180.0,0.0,2256998.5
180.0,0.0,2257997.0
180.0,0.0,2258995.5
180.0,0.0,2259993.0
180.0,0.0,2260991.5
180.0,0.0,2261990.0
180.0,0.0,2262987.5
180.0,0.0,2263986.0
180.0,0.0,2264984.0
180.0,0.0,2265982.0
180.0,0.0,2266980.5
180.0,0.0,2268977.0
180.0,0.0,2269975.0
180.0,0.0,2270972.5
180.0,0.0,2271971.5
180.0,0.0,2272969.5
180.0,-1.002004008015528,2273968.5
179.0,0.0,2274966.5
179.0,0.0,2275964.5
179.0,0.0,2277961.0
179.0,0.0,2278959.5
179.0,0.0,2279957.5
179.0,0.0,2280957.0
179.0,0.0,2282953.5
179.0,-1.0015022533803766,2283952.0
178.0,0.0,2284950.5
178.0,0.0,2285949.0
178.0,0.5008765339343358,2286947.0
179.0,0.0,2288943.5
179.0,0.0,2289943.0
179.0,0.0,2290940.5
179.0,0.0,2291939.0
179.0,0.0,2293935.0
179.0,0.0,2294933.0
179.0,0.0,2295931.5
179.0,0.0,2296930.0
179.0,0.0,2298929.5
179.0,0.0,2299927.0
179.0,0.0,2300925.0
179.0,0.0,2301924.0
179.0,0.0,2302922.0
179.0,0.0,2303920.5
179.0,0.0,2304919.0
179.0,0.0,2305917.0
179.0,0.0,2307914.0
179.0,0.0,2309910.5
179.0,0.0,2310909.0
179.0,0.0,2311907.0
179.0,0.0,2312906.0
179.0,0.0,2315901.0
179.0,0.0,2316899.5
179.0,0.0,2317897.5
179.0,0.0,2318895.0
179.0,0.0,2319893.5
179.0,0.0,2320892.0
179.0,0.0,2321890.5
179.0,0.0,2322889.0
179.0,0.0,2323888.0
179.0,0.0,2324886.0
179.0,0.0,2325884.0
179.0,0.0,2326882.5
179.0,0.0,2327881.0
179.0,0.0,2328879.5
179.0,0.0,2329877.0
179.0,0.0,2331874.5
179.0,0.0,2333869.5
179.0,0.0,2334868.5
179.0,0.0,2335866.5
179.0,1.0015022533803766,2336864.5
180.0,0.0,2337863.0
180.0,0.0,2338861.5
180.0,0.0,2339859.5
180.0,0.0,2341856.0
180.0,0.0,2343851.5
180.0,0.0,2344849.0
180.0,0.0,2346846.5
180.0,0.0,2347845.5
180.0,0.0,2348843.5
180.0,0.0,2349840.5
180.0,0.0,2350839.0
180.0,0.0,2351838.0
180.0,0.0,2352835.5
180.0,-0.5010020040082206,2353834.0
179.0,0.0,2355830.0
179.0,0.0,2356828.5
179.0,0.0,2357827.0
179.0,0.0,2358825.5
179.0,0.0,2359823.5
179.0,0.0,2360821.5
179.0,0.0,2361819.5
179.0,0.0,2362819.0
179.0,0.0,2364814.5
179.0,0.0,2365813.0
179.0,-0.5010020040079923,2366811.0
178.0,0.0,2368807.0
178.0,0.0,2369805.0
178.0,0.0,2370803.5
178.0,0.0,2371803.0
178.0,0.0,2372801.0
178.0,0.0,2373799.0
178.0,0.0,2374797.5
178.0,0.0,2376794.5
178.0,0.0,2377792.5
178.0,0.0,2378791.5
178.0,0.0,2381786.0
178.0,0.0,2382784.0
178.0,0.0,2383782.5
178.0,0.0,2384781.0
178.0,0.0,2386777.5
178.0,0.0,2387776.0
178.0,0.0,2389772.0
178.0,0.0,2390770.5
178.0,0.0,2391767.5
178.0,0.0,2392766.0
178.0,0.0,2393764.0
178.0,0.0,2394762.0
178.0,0.0,2396759.0
178.0,0.0,2397757.0
178.0,-1.0025062656637582,2398756.0
177.0,0.0,2399753.5
177.0,0.0,2400751.5
177.0,0.0,2401750.0
177.0,0.0,2402748.0
177.0,0.0,2403746.0
177.0,1.0015022533803766,2404744.5
178.0,0.0,2405743.0
178.0,0.0,2406740.5
178.0,0.0,2407740.0
178.0,0.0,2408737.0
178.0,0.0,2409735.5
178.0,0.0,2410734.0
178.0,0.0,2412730.0
178.0,1.0010010010012051,2413728.5
179.0,0.0,2414727.5
179.0,0.0,2416723.0
179.0,0.0,2417721.0
179.0,0.0,2418723.5
179.0,0.0,2419717.5
179.0,0.0,2421714.0
179.0,1.0030090270809435,2423712.0
180.0,0.0,2424709.0
180.0,0.0,2426705.5
180.0,0.0,2427704.0
180.0,0.0,2428702.5
180.0,0.0,2429700.0
180.0,0.0,2432694.5
180.0,0.0,2433693.0
180.0,0.0,2434691.0
180.0,0.0,2435689.0
180.0,0.0,2436687.0
180.0,0.0,2437685.0
180.0,0.0,2438683.5
180.0,0.0,2440679.0
180.0,1.0015022533794644,2442675.0
181.0,0.0,2443673.5
181.0,0.0,2444672.5
181.0,0.0,2445670.5
181.0,0.0,2446669.0
181.0,0.0,2447667.0
181.0,-1.0020040080164412,2448664.5
180.0,0.0,2449662.5
180.0,0.0,2450661.0
180.0,0.0,2451659.0
180.0,0.0,2452657.0
180.0,0.0,2454653.5
180.0,-1.0025062656637582,2455652.0
179.0,0.0,2456649.5
179.0,0.0,2457648.0
179.0,-0.3340571237682106,2459645.0
178.0,0.0,2462638.5
178.0,0.0,2464634.5
178.0,0.0,2465632.0
178.0,0.0,2466630.5
178.0,0.0,2467628.5
178.0,0.0,2468627.5
178.0,0.0,2469626.0
178.0,0.0,2470624.0
178.0,0.0,2472620.0
178.0,0.0,2474616.0
178.0,0.0,2475614.0
178.0,0.5010020040079923,2477610.5
179.0,0.0,2479606.5
179.0,0.0,2480604.5
179.0,0.0,2481602.5
179.0,0.0,2482600.5
179.0,0.0,2483598.5
179.0,0.0,2484596.5
179.0,0.0,2485595.5
179.0,0.0,2486593.0
179.0,0.0,2487591.0
179.0,-1.0030090270809435,2488589.5
178.0,0.0,2489586.5
178.0,0.0,2490584.5
178.0,0.0,2493579.5
178.0,0.0,2494578.0
178.0,0.0,2495576.0
178.0,0.0,2496574.0
178.0,0.0,2497572.5
178.0,0.0,2498570.5
178.0,0.0,2499568.5
178.0,0.0,2500567.0
178.0,0.0,2501565.0
178.0,0.0,2502563.0
178.0,0.0,2503561.5
178.0,0.0,2504559.5
178.0,0.0,2506555.5
178.0,0.0,2509550.5
178.0,0.0,2510548.5
178.0,0.0,2511546.5
178.0,0.0,2512544.5
178.0,-0.5010020040079923,2513542.5
177.0,0.0,2515538.5
177.0,0.0,2516537.0
177.0,0.0,2517535.0
177.0,0.0,2520530.0
177.0,0.0,2521528.5
177.0,0.0,2522526.5
177.0,0.0,2523524.5
177.0,0.0,2525521.5
177.0,-0.5007511266899602,2526519.5
176.0,0.0,2528516.5
176.0,0.0,2529514.0
176.0,0.0,2531511.0
176.0,0.0,2532508.0
176.0,0.0,2533506.5
176.0,0.0,2534505.0
176.0,0.0,2535503.0
176.0,0.5010020040079923,2536502.0
177.0,0.0,2538498.0
177.0,0.0,2540493.0
177.0,0.0,2541491.5
177.0,0.0,2542491.0
177.0,0.0,2543489.0
177.0,0.0,2544487.0
177.0,0.0,2545485.0
177.0,0.0,2546483.0
177.0,0.0,2547481.5
177.0,0.0,2548479.5
177.0,1.002004008015528,2549477.5
178.0,0.0,2550475.5
178.0,0.0,2551474.0
178.0,0.0,2552472.5
178.0,0.0,2553470.0
178.0,0.0,2556464.5
178.0,0.0,2557463.0
178.0,0.0,2558461.0
178.0,0.0,2559459.0
178.0,0.0,2560457.0
178.0,0.0,2561455.0
178.0,0.0,2562453.0
178.0,0.0,2563450.5
178.0,0.5010020040079923,2564449.0
179.0,0.0,2566445.0
179.0,0.0,2567444.0
179.0,0.0,2569440.0
179.0,0.0,2570438.0
179.0,0.5010020040079923,2572434.0
180.0,0.0,2574430.0
180.0,0.0,2575428.5
180.0,0.0,2576426.5
180.0,0.0,2578422.5
180.0,0.0,2579421.0
180.0,0.0,2580419.0
180.0,0.0,2581417.0
180.0,0.0,2582415.0
180.0,0.0,2583413.0
180.0,0.0,2584410.0
180.0,0.0,2586409.0
180.0,0.0,2587406.5
180.0,0.0,2588404.5
180.0,0.0,2589403.0
180.0,1.0025062656637582,2590401.5
181.0,-0.9985022466297504,2591399.0
180.0,0.0,2592400.5
180.0,1.0030090270809435,2593397.5
181.0,0.0,2594394.5
181.0,0.0,2595393.0
181.0,0.0,2596392.0
181.0,-1.0010010010012051,2597390.5
180.0,0.0,2598389.5
180.0,0.0,2599387.0
180.0,0.0,2600386.0
180.0,0.0,2601383.5
180.0,0.0,2602382.5
180.0,0.0,2603380.5
180.0,0.0,2604378.5
180.0,0.0,2605377.0
180.0,0.0,2606375.5
180.0,0.0,2607373.5
180.0,0.0,2609370.5
180.0,0.0,2610368.5
180.0,0.0,2611366.5
180.0,0.0,2612364.0
180.0,0.0,2613362.0
180.0,0.0,2614360.5
180.0,0.0,2615359.0
180.0,0.0,2616357.5
180.0,-0.5008765339343358,2617355.5
179.0,0.0,2619352.0
179.0,0.0,2620348.5
179.0,0.0,2621348.5
179.0,0.0,2622346.0
179.0,0.0,2623344.5
179.0,0.0,2624342.5
179.0,0.0,2625340.5
179.0,0.0,2626338.5
179.0,0.0,2627336.0
179.0,0.0,2628334.5
179.0,0.0,2629333.5
179.0,0.0,2630331.0
179.0,0.0,2631329.0
179.0,0.0,2632326.5
179.0,0.0,2633325.5
179.0,0.0,2635322.0
179.0,0.0,2637316.5
179.0,0.0,2638315.0
179.0,0.0,2639313.0
179.0,0.0,2640312.0
179.0,0.0,2641310.5
179.0,0.0,2642308.0
179.0,0.0,2643306.5
179.0,0.0,2644304.0
179.0,0.0,2645302.0
179.0,0.0,2646300.0
179.0,0.0,2647299.0
179.0,0.0,2648296.0
179.0,0.0,2649295.0
179.0,0.0,2651290.5
179.0,0.0,2652288.0
179.0,0.0,2653286.5
179.0,0.0,2655282.0
179.0,0.0,2656280.5
179.0,0.0,2657278.5
179.0,0.0,2658277.5
179.0,0.0,2659274.5
179.0,-1.0025062656637582,2660272.5
178.0,0.0,2661270.0
178.0,0.0,2662268.0
178.0,0.0,2663266.0
178.0,0.0,2664264.5
178.0,0.0,2665263.0
178.0,0.0,2668257.0
178.0,0.0,2669255.0
178.0,0.0,2671251.5
178.0,0.0,2672249.0
178.0,0.0,2673247.0
178.0,0.0,2675244.0
178.0,0.0,2676241.5
178.0,0.0,2677240.0
178.0,0.0,2678238.0
178.0,0.0,2679236.0
178.0,0.0,2680234.5
178.0,0.0,2681231.5
178.0,0.0,2682230.5
178.0,0.0,2683228.5
178.0,0.0,2684227.5
178.0,0.0,2685224.5
178.0,0.0,2686222.5
178.0,0.0,2687220.5
178.0,0.0,2688218.5
178.0,0.0,2689218.0
178.0,0.0,2690216.0
178.0,0.0,2691214.0
178.0,0.0,2693211.0
178.0,0.0,2694208.0
178.0,0.0,2695206.0
178.0,0.0,2696205.0
178.0,0.0,2697202.5
178.0,0.0,2698200.5
178.0,0.0,2699198.5
178.0,0.0,2700196.5
178.0,0.0,2702194.0
178.0,0.0,2703191.0
178.0,0.0,2704189.0
178.0,0.0,2705188.0
178.0,0.0,2706185.5
178.0,0.0,2707183.5
178.0,0.0,2708182.5
178.0,0.0,2709179.5
178.0,1.0020040080164412,2710177.0
179.0,0.0,2711175.0
179.0,0.0,2712174.5
179.0,0.0,2714170.5
179.0,0.0,2715168.5
179.0,0.0,2716166.5
179.0,1.001001001000294,2717165.0
180.0,0.0,2718164.0
180.0,0.0,2719161.5
180.0,0.0,2720159.5
180.0,0.5007511266899602,2721157.5
181.0,0.0,2723154.5
181.0,0.0,2724152.5
181.0,0.0,2725151.0
181.0,1.0030090270818586,2726150.0
182.0,0.0,2727147.0
182.0,0.0,2728146.0
182.0,0.0,2730142.0
182.0,0.0,2731140.5
182.0,0.0,2732138.5
182.0,-0.5011275369581577,2733136.5
181.0,0.0,2735132.0
181.0,0.0,2736130.0
181.0,0.0,2737128.0
181.0,0.0,2738127.0
181.0,0.0,2739125.5
181.0,-1.0025062656646724,2740123.5
180.0,0.0,2741121.0
180.0,0.0,2742120.0
180.0,0.0,2743118.0
180.0,0.5012531328321076,2744117.5
181.0,0.0,2746112.5
181.0,0.0,2747110.0
181.0,0.0,2750105.0
181.0,0.0,2751103.0
181.0,0.0,2752101.0
181.0,-1.0015022533794644,2753098.0
180.0,0.0,2754096.5
180.0,0.0,2755094.5
180.0,0.0,2756092.0
180.0,0.0,2757089.5
180.0,0.0,2758088.5
180.0,-0.5010020040079923,2759085.5
179.0,0.0,2761081.5
179.0,0.0,2762079.5
179.0,-1.0020040080164412,2763078.0
178.0,0.0,2764076.0
178.0,0.5010020040079923,2765074.0
179.0,0.0,2767070.0
179.0,0.0,2768068.0
179.0,0.0,2769065.5
179.0,0.0,2770064.0
179.0,0.0,2771062.5
